Identifier Type,Identifier Value,Amortized Cost,Market Value,Accounting Intent,Type of Hedge,Hedged Risk,Hedge Interest Rate,Hedge Percentage,Hedge Horizon,Hedged Cash Flow,Sidedness,Hedging Instrument at Fair Value,Effective Portion of Cumulative Gains and Losses,ASU 2017-12 Hedge Designations
CUSIP,ID782515,39814044.73,30242406.79,HTM,1,7,4,0.6005,2031-05-23,4,1,-2704784,36567980,3
INTERNAL,ID887711,42603747.81,7343102.32,EQ,2,11,2,0.0032,2027-10-16,4,2,-20735914,10103762,3
CUSIP,ID882939,28002339.19,8971567.42,EQ,2,3,1,0.7985,2028-10-28,6,2,-31731603,35851156,3
ISIN,ID124466,14305599.04,23062997.25,HTM,1,9,3,0.0307,2031-11-13,4,1,16521743,-13685603,1
CUSIP,ID393189,49884881.18,35712214.11,EQ,2,11,1,0.8358,2030-11-17,6,1,-44594218,-1407560,3
ISIN,ID735506,43383306.66,7244738.6,AFS,1,5,1,0.7271,2026-09-28,1,2,-27095566,36228648,3
SEDOL,ID880392,28337111.27,9197259.58,HTM,1,5,4,0.6278,2031-08-24,1,2,-34208799,-33654406,3
ISIN,ID846383,3785587.49,11256102.13,EQ,2,4,3,0.0745,2033-04-14,4,1,-33170919,37456475,3
INTERNAL,ID548290,39804315.05,35244428.92,EQ,2,1,1,0.9888,2035-02-19,4,1,36115963,-13000396,2
SEDOL,ID766070,42208652.46,26890537.81,AFS,1,8,1,0.6598,2030-06-14,5,2,-30282828,37537561,1
INTERNAL,ID813408,5361969.26,5709774.92,AFS,2,11,5,0.251,2031-10-23,5,1,29479940,39887492,2
CUSIP,ID791723,9445161.84,26687072.43,EQ,2,11,3,0.5229,2028-10-24,3,1,-33653950,37093031,3
INTERNAL,ID656855,27423865.97,40457590.03,HTM,2,5,2,0.5725,2026-02-17,3,1,19997194,-11794161,3
ISIN,ID760052,12513333.04,26749568.22,AFS,1,1,4,0.4356,2034-08-27,3,2,33936565,-37585217,2
ISIN,ID377852,26692651.21,14425924.33,AFS,1,8,2,0.4701,2025-08-21,3,1,-12804910,-35537743,3
INTERNAL,ID915068,5689424.67,6365218.53,AFS,2,8,2,0.9469,2034-01-31,3,2,-26857906,-25329916,1
SEDOL,ID176016,34546011.74,26817119.33,HTM,1,3,5,0.1943,2034-11-02,5,2,12612157,793970,2
SEDOL,ID802557,1935799.73,33147709.47,AFS,2,11,3,0.8716,2026-08-17,1,2,26946414,-17231829,2
INTERNAL,ID627154,13333043.96,48336029.96,AFS,2,11,3,0.2068,2030-08-07,2,2,-12991610,7037084,1
CUSIP,ID111873,17135149.24,49295354.7,AFS,1,3,1,0.5366,2027-11-01,1,1,38986399,-17094423,3
ISIN,ID561714,23976297.03,23647512.77,EQ,1,3,4,0.6488,2030-09-04,3,2,38831979,-35344961,3
CUSIP,ID831939,42489292.33,48968828.31,EQ,1,7,3,0.6075,2026-02-23,1,2,-20973426,-3688672,1
CUSIP,ID977036,14307491.82,27223700.71,AFS,2,9,2,0.1444,2030-04-29,6,2,45864582,22946055,3
ISIN,ID594129,41351727.71,23357531.21,AFS,1,4,2,0.6977,2028-08-14,1,2,9787201,-913398,1
SEDOL,ID853907,13069099.3,39597536.28,EQ,1,2,3,0.0735,2028-07-24,4,2,-20954506,3538221,3
CUSIP,ID588914,21550490.12,7639470.68,EQ,1,9,2,0.5872,2028-12-24,2,2,27052030,-25456218,1
ISIN,ID971053,40126034.4,1287824.19,AFS,1,5,2,0.5147,2031-11-07,3,1,32214880,22488714,2
ISIN,ID110244,37974661.76,9002467.49,AFS,2,7,3,0.1777,2028-10-05,5,1,-47222667,11665739,2
SEDOL,ID867020,27352764.92,13238639.31,AFS,1,4,3,0.6006,2032-03-18,5,2,31911892,-4568260,3
ISIN,ID199628,18826524.17,20035024.67,AFS,1,1,1,0.9769,2025-05-01,3,1,49606846,31946052,2
CUSIP,ID566791,32744985.94,12383849.84,EQ,1,8,2,0.9956,2034-11-26,2,2,-4943815,22304934,2
CUSIP,ID423818,3358652.49,32576613.04,EQ,2,4,1,0.4051,2025-05-27,4,1,-34262773,-15570702,3
SEDOL,ID649715,15161387.32,23062656.6,HTM,1,4,3,0.6403,2031-02-17,5,2,25731216,-48029743,2
INTERNAL,ID856260,35776311.03,21717674.22,AFS,1,2,3,0.1833,2026-11-09,3,2,-26939289,47856802,3
CUSIP,ID609511,6438815.94,34404592.15,HTM,1,2,5,0.9338,2025-12-17,1,2,11473789,-49007220,2
ISIN,ID880913,36658465.08,26257857.01,AFS,2,11,1,0.8546,2026-02-28,4,2,4913352,8453988,1
INTERNAL,ID915842,45569873.17,35746246.76,AFS,2,9,2,0.9334,2029-12-13,5,2,35837763,9160075,3
ISIN,ID437295,25847440.24,28833403.96,AFS,2,3,4,0.3912,2026-02-05,1,1,-13177537,2280431,3
CUSIP,ID276967,29977360.27,12360453.04,EQ,2,8,4,0.0995,2035-01-18,2,2,47578680,24077671,1
ISIN,ID339945,43646483.01,29041939.75,AFS,2,11,3,0.7924,2028-01-07,2,1,26767542,-31852157,3
ISIN,ID942321,48718284.99,41789256.01,EQ,2,7,4,0.8413,2029-10-27,2,2,-51406,41824837,2
CUSIP,ID226447,40334322.88,24162382.89,AFS,1,10,5,0.9888,2033-01-30,2,2,-20071241,16674826,3
CUSIP,ID159358,44310609.03,5831112.79,AFS,2,10,4,0.4644,2034-10-07,1,2,-39201943,42319229,1
SEDOL,ID762896,1403865.73,5405840.15,EQ,2,2,5,0.7117,2028-07-11,1,2,-25982271,-44023435,2
INTERNAL,ID416570,16807286.01,17530383.02,EQ,2,7,1,0.4094,2030-12-24,6,2,-19354272,34462720,3
ISIN,ID506477,41268010.38,18230002.35,EQ,1,11,2,0.0968,2029-08-05,4,1,-45291363,-34766020,3
INTERNAL,ID391862,13831576.62,29891587.07,EQ,2,5,5,0.7924,2027-12-12,3,2,-11482074,11487680,1
CUSIP,ID157969,18833794.34,4660520.04,EQ,1,9,1,0.3832,2025-07-16,4,1,-2076927,-10413879,3
ISIN,ID673050,22586813.11,44303820.39,HTM,1,3,2,0.3587,2032-12-02,3,1,-6373276,-14925046,2
SEDOL,ID561550,6002331.28,40327129.47,EQ,2,7,2,0.497,2032-01-01,6,1,42035755,15191329,3
CUSIP,ID809701,24867747.78,41009813.49,AFS,1,8,1,0.3505,2033-10-30,5,1,47881983,13810664,3
INTERNAL,ID996547,44037184.15,9863949.17,EQ,1,10,2,0.28,2030-09-06,1,1,43324061,-48200426,3
SEDOL,ID444157,23620195.91,27581066.99,EQ,1,1,4,0.1969,2031-01-31,3,1,-2079609,5810408,2
SEDOL,ID618933,7697984.97,16069617.04,EQ,1,3,1,0.6838,2030-07-26,4,1,-6847622,-43527303,3
ISIN,ID414015,3810664.25,33953014.74,AFS,2,10,3,0.0168,2027-12-19,6,2,-18452364,-33936867,3
CUSIP,ID132303,49298747.94,32165721.38,AFS,2,6,4,0.2301,2029-05-16,5,1,-2922877,-36070138,2
SEDOL,ID849603,25485349.3,2137783.22,HTM,1,5,4,0.3275,2031-07-24,6,1,13188582,-47468552,1
SEDOL,ID855061,48291021.22,35498835.85,AFS,2,4,2,0.3001,2026-07-05,5,1,18542219,-7864759,2
INTERNAL,ID647980,38846426.61,29162646.37,AFS,2,4,4,0.7213,2026-07-16,5,1,3984163,-23512303,1
ISIN,ID381007,40407223.01,30648444.16,EQ,1,6,3,0.4247,2029-01-07,1,2,-24519964,14729062,3
ISIN,ID800304,23434322.31,9572961.36,EQ,1,4,4,0.9151,2032-07-24,5,1,-21058458,901955,2
ISIN,ID925613,47469194.53,38647134.07,EQ,1,11,5,0.3669,2032-06-21,6,2,-12431613,39926499,3
SEDOL,ID330200,14046183.48,39423977.31,HTM,1,10,1,0.4253,2034-09-17,3,2,-34709738,-49896828,3
CUSIP,ID803512,33609334.63,10080642.66,AFS,1,8,5,0.536,2029-05-31,5,2,-36095649,27170943,1
SEDOL,ID633484,35020772.48,26755587.12,HTM,2,1,4,0.8655,2029-06-23,6,2,39905584,41316150,2
SEDOL,ID556538,19635275.14,22270802.2,AFS,1,5,4,0.9907,2034-05-10,2,2,21212701,32634782,3
INTERNAL,ID591121,19946233.76,17404619.71,EQ,2,3,4,0.0391,2027-08-20,5,2,-20243076,-24433243,1
INTERNAL,ID729921,37197632.06,36078720.39,HTM,2,11,5,0.0311,2031-07-12,4,1,-44803291,-18213636,1
CUSIP,ID346272,45813859.83,36278728.88,EQ,2,4,4,0.5559,2034-05-28,4,1,-1339045,-1762115,1
INTERNAL,ID311596,32436983.91,29653715.55,AFS,2,10,4,0.8981,2032-05-15,3,2,38689013,-35705493,1
CUSIP,ID296113,49127338.49,30716844.66,HTM,2,4,3,0.5765,2034-11-11,1,1,-16980789,38017503,2
SEDOL,ID623080,4677549.95,1736062.7,EQ,1,3,5,0.9859,2026-01-19,2,1,-5065416,-22541197,1
ISIN,ID351450,46090758.93,24431921.58,EQ,2,5,5,0.3155,2032-03-11,5,1,-43351212,-41379736,1
ISIN,ID659953,7350112.64,16617843.11,EQ,1,2,5,0.7329,2035-01-04,6,1,-19444537,-12112547,3
ISIN,ID492381,31703517.4,16505011.73,HTM,1,9,4,0.0115,2033-03-11,5,2,25017071,-47470481,2
CUSIP,ID498650,22682415.21,29074028.73,EQ,1,7,2,0.4906,2027-11-01,5,1,-21817194,1063283,3
INTERNAL,ID334700,31786497.14,47633587.17,HTM,1,2,1,0.1894,2031-06-20,5,2,-16446418,12279073,1
SEDOL,ID946877,19115735.81,43076133.56,EQ,1,5,1,0.382,2031-04-20,3,1,-31866008,9674162,3
CUSIP,ID503989,25534390.65,27306038.53,AFS,1,11,4,0.0866,2033-05-31,5,1,28270732,40213696,3
ISIN,ID435982,12321316.12,38261940.99,AFS,2,7,5,0.902,2027-06-09,1,1,-17335016,1944828,1
SEDOL,ID362359,47706512.61,32040356.88,EQ,1,7,2,0.4894,2034-10-08,6,2,28379542,14680508,2
SEDOL,ID300547,25117111.11,17955353.57,AFS,2,5,5,0.6296,2027-05-19,3,2,-40785525,-44322788,1
SEDOL,ID839225,26303066.5,28775585.92,HTM,2,7,3,0.5112,2033-04-21,1,2,42597086,-25643310,1
SEDOL,ID251980,4301292.27,26488841.79,AFS,1,3,5,0.6694,2026-07-10,1,1,17330521,-10118118,3
SEDOL,ID346892,20151463.32,22739358.88,AFS,2,6,1,0.004,2028-05-31,2,1,2492028,46864228,2
SEDOL,ID289725,41713466.08,39175182.36,AFS,2,9,4,0.0745,2029-07-10,2,1,-27914635,21542988,2
SEDOL,ID110506,30122252.2,22047624.91,EQ,2,2,1,0.7806,2032-04-27,3,2,16332153,9944809,2
CUSIP,ID860157,6460053.81,3269061.92,HTM,1,10,4,0.3492,2034-04-15,4,1,-19832219,24878714,1
ISIN,ID606233,43050397.03,31237051.75,AFS,1,9,1,0.1879,2031-11-18,6,1,-38481446,22620910,3
SEDOL,ID326688,10162957.72,39663735.15,AFS,1,5,5,0.796,2026-07-02,2,1,-3186641,299714,3
CUSIP,ID933965,16949178.82,36650976.49,HTM,1,3,2,0.6189,2028-12-01,1,1,45294463,-9810560,1
CUSIP,ID788929,44113774.76,23195807.96,HTM,1,2,3,0.6377,2034-07-12,5,1,73918,44625301,1
INTERNAL,ID979301,28660446.94,32643386.32,AFS,2,9,5,0.0095,2032-10-20,6,2,-43417070,-1107197,1
CUSIP,ID317898,6153294.84,37991164.2,AFS,1,2,1,0.9912,2027-04-12,6,2,7356530,12554439,2
SEDOL,ID578394,4353881.01,33407355.82,AFS,2,8,4,0.0385,2027-08-03,2,2,-36180303,12377648,2
ISIN,ID257738,48291445.42,39967424.61,HTM,2,1,1,0.2942,2032-06-18,1,1,-15519980,-13339654,3
INTERNAL,ID562725,35228109.75,40384219.33,HTM,2,6,5,0.9002,2034-09-21,6,2,-17545095,-36174686,2
INTERNAL,ID305641,16011644.01,21318801.06,AFS,2,3,2,0.0477,2031-12-26,6,2,-41484703,14659054,1
CUSIP,ID701560,16588488.95,37844152.57,AFS,2,6,2,0.7731,2029-06-15,3,1,39046664,11159774,2
SEDOL,ID815820,27806443.39,37876095.66,EQ,2,9,2,0.0557,2032-12-23,5,1,1189031,17621825,3
ISIN,ID791746,21769936.6,27298573.47,EQ,2,8,4,0.2733,2027-10-21,3,1,-16153224,36006853,3
CUSIP,ID373220,49085864.97,11756922.81,EQ,2,5,5,0.6103,2031-07-12,1,2,-3606369,41461827,1
CUSIP,ID582048,25729500.73,42683947.81,HTM,2,2,3,0.582,2030-03-16,6,1,-7881353,37171740,2
ISIN,ID335571,25750582.61,39529694.62,HTM,1,7,1,0.4759,2026-02-13,3,2,-48625365,-41866511,1
INTERNAL,ID486274,11232702.83,29678054.7,HTM,1,7,3,0.3743,2027-03-07,2,1,39353599,-23492883,2
CUSIP,ID189963,46518985.58,25007586.58,HTM,1,11,1,0.4195,2034-09-15,4,1,-21236380,-6993037,3
CUSIP,ID459661,24248133.34,40444564.54,EQ,2,8,4,0.4362,2031-01-31,2,2,-2117461,-14879349,3
SEDOL,ID851116,41516576.95,16460475.16,EQ,2,10,4,0.2696,2032-06-15,6,1,-21317349,48368402,3
CUSIP,ID127442,47466787.13,15404288.95,EQ,1,9,1,0.3409,2026-10-06,5,2,45411009,-20772559,1
CUSIP,ID671544,6464116.84,15471817.49,EQ,2,7,1,0.4479,2033-02-26,3,2,-1328483,47253541,3
SEDOL,ID788642,9277096.77,49972585.69,EQ,1,9,1,0.0177,2034-01-02,2,2,39561313,-24332495,3
CUSIP,ID673678,11799963.57,9560430.82,HTM,1,9,1,0.4954,2032-06-24,2,2,-10805841,-16631363,3
SEDOL,ID865496,23357909.75,18580274.4,EQ,1,9,3,0.5137,2027-10-23,2,1,-24262310,905479,1
INTERNAL,ID214383,13802953.95,22237388.74,EQ,2,5,3,0.208,2030-07-20,3,1,40712577,-24484829,2
INTERNAL,ID763688,23670759.92,35017655.24,AFS,1,6,2,0.0647,2034-11-20,2,2,-32859776,-37612225,1
ISIN,ID627232,25707016.12,5044646.51,EQ,1,11,4,0.0405,2027-09-11,6,1,18891520,40213347,3
ISIN,ID361878,32284418.03,16846846.98,HTM,2,3,5,0.0018,2031-04-02,2,1,19672315,-12298819,3
SEDOL,ID944915,3293470.87,25867675.39,HTM,1,11,4,0.2776,2034-05-05,5,1,-43365229,-46032168,2
INTERNAL,ID641523,3202569.82,28169250.01,AFS,1,7,5,0.0588,2029-02-13,1,2,-34967243,-9019855,2
SEDOL,ID930323,49441761.57,46339818.17,EQ,1,9,4,0.7232,2027-12-28,4,1,27013721,-12106987,1
SEDOL,ID652458,24716676.72,2972721.68,EQ,1,10,5,0.2739,2035-01-08,3,1,-6968746,17411266,2
SEDOL,ID817733,36635836.41,47170263.34,AFS,1,8,2,0.402,2026-07-14,2,1,30744372,-15162852,2
SEDOL,ID614925,44403165.52,2933557.17,AFS,1,3,2,0.6985,2028-06-13,2,1,-20925756,2005398,2
INTERNAL,ID747106,3508738.38,12511719.46,EQ,2,2,5,0.3475,2028-12-13,4,1,-6213674,3353771,1
SEDOL,ID818472,5506434.43,21193939.97,EQ,1,10,5,0.1628,2029-01-11,2,1,11484373,38391541,2
ISIN,ID973704,27971823.32,6372829.42,AFS,1,9,3,0.945,2026-09-20,1,2,-9769733,4667369,2
SEDOL,ID668514,30418580.65,12536453.08,AFS,1,11,4,0.1012,2032-09-16,2,2,-29488932,-45714782,1
CUSIP,ID633221,17263232.68,21131864.86,AFS,2,8,2,0.2474,2027-07-29,2,2,-33556312,44314565,1
CUSIP,ID191662,8351815.58,25480848.72,HTM,2,8,3,0.1228,2033-01-19,5,2,15161174,47837587,3
CUSIP,ID498771,34814906.53,39813015.08,EQ,1,4,3,0.4504,2032-04-09,5,2,1856157,-40802824,1
ISIN,ID351858,2810121.9,2906884.33,AFS,1,3,3,0.3092,2027-03-02,1,2,8766705,-14996826,1
SEDOL,ID954087,38735294.02,33515855.8,EQ,1,5,3,0.082,2029-07-28,3,2,-37969397,4172722,2
INTERNAL,ID557534,29779539.46,7397517.47,EQ,2,9,3,0.5226,2032-07-14,1,1,11392338,-2290538,1
ISIN,ID299340,2893876.81,13261854.17,HTM,2,8,5,0.7387,2033-07-06,5,1,2170462,-23018966,1
ISIN,ID811533,38943498.06,49786149.46,AFS,2,2,5,0.6004,2028-02-02,4,1,-27320429,-9562698,1
SEDOL,ID249261,15383044.81,47093850.97,HTM,2,6,1,0.5126,2028-01-12,2,1,37579364,-26903176,3
ISIN,ID335320,11654488.91,27059452.97,HTM,1,9,5,0.8047,2030-09-24,6,2,-27174067,23185389,3
SEDOL,ID708137,47850274.78,46124786.5,HTM,1,8,4,0.565,2030-12-16,2,1,23944418,35024749,3
SEDOL,ID135215,38569762.49,3003605.3,AFS,1,11,4,0.1344,2028-05-14,6,2,31580166,27871525,1
INTERNAL,ID317720,16414844.57,48392535.26,HTM,2,9,5,0.0718,2027-04-18,3,1,40106576,21645056,3
SEDOL,ID896210,8382030.55,35087951.88,EQ,2,5,3,0.1679,2025-11-08,4,1,42295132,-21951375,3
ISIN,ID200233,32291057.34,33436278.62,AFS,1,10,1,0.082,2034-09-30,5,1,-24977057,-45224962,1
SEDOL,ID143999,36088908.66,35842967.35,EQ,2,7,4,0.9586,2032-12-10,5,1,21527998,36506296,1
CUSIP,ID110731,41169876.26,25140427.72,AFS,1,8,1,0.74,2035-03-04,5,1,-30399855,-46714407,3
ISIN,ID818837,12822280.23,28778906.38,AFS,1,2,5,0.3711,2033-07-27,2,2,-2636573,-44874612,2
SEDOL,ID439017,24534695.05,46638278.47,HTM,2,6,1,0.4414,2030-10-12,4,1,-30192791,-48190712,3
ISIN,ID590259,46691953.44,29192861.77,EQ,1,7,2,0.7272,2032-12-30,6,2,-17948120,40015963,3
ISIN,ID145508,36445642.04,15866625.35,HTM,2,8,3,0.6118,2028-12-12,4,2,-19005832,32322310,3
CUSIP,ID282623,25084707.17,13369554.38,HTM,2,11,1,0.354,2027-08-23,3,2,20045201,-40233062,2
INTERNAL,ID935801,21736739.22,36988183.2,AFS,1,11,3,0.4798,2028-06-20,5,1,-32559577,-19657885,2
CUSIP,ID712657,31185190.86,18590068.25,AFS,2,7,1,0.6629,2031-06-19,2,2,35735810,24581770,3
SEDOL,ID434400,11953200.12,12955295.58,HTM,1,2,1,0.4052,2027-11-05,3,2,-48164656,-28789594,3
SEDOL,ID128617,33477395.01,46144061.29,EQ,2,4,5,0.6873,2027-01-20,4,1,23762061,34070824,2
INTERNAL,ID961019,8635598.6,24404691.73,AFS,2,6,2,0.1895,2029-03-07,4,2,-15090453,38678912,3
SEDOL,ID904250,16110070.96,7035283.02,HTM,1,11,5,0.5136,2030-01-14,3,2,3888414,-41833072,3
INTERNAL,ID776083,38921309.54,47529518.56,EQ,1,5,1,0.3811,2027-12-29,2,1,-15063128,-5413501,3
ISIN,ID768817,23461724.98,12068070.6,EQ,1,10,3,0.9274,2028-10-17,5,1,37975172,3310118,3
INTERNAL,ID522402,21860204.72,49933559.24,HTM,2,4,2,0.8318,2027-06-21,2,1,32181323,36698195,2
INTERNAL,ID307867,40686504.66,44383753.86,EQ,1,9,4,0.6521,2025-12-22,1,2,27495390,46587102,2
SEDOL,ID639209,15904409.86,19290662.13,AFS,2,10,3,0.1402,2027-09-17,3,2,26551136,40797049,3
INTERNAL,ID293054,30664443.58,32150846.8,HTM,2,9,2,0.9945,2029-08-13,1,2,-32053142,-27471969,1
CUSIP,ID313321,32679805.82,24486204.86,HTM,2,8,5,0.7311,2026-01-16,4,2,-29415373,23810435,2
ISIN,ID804931,12671716.06,29546510.16,EQ,2,9,5,0.5908,2032-12-21,5,1,-46374487,-22559573,3
CUSIP,ID817489,20175349.68,14723101.9,HTM,2,9,2,0.1616,2035-02-01,1,1,-37319239,-22989443,1
INTERNAL,ID272050,12872841.36,23832867.42,HTM,2,4,1,0.3455,2034-12-14,6,1,-19729572,8119295,1
CUSIP,ID360587,16435753.68,13604333.38,EQ,2,3,3,0.5011,2032-02-19,5,2,41804122,7866458,1
INTERNAL,ID512997,42086048.34,1334745.26,EQ,1,3,1,0.7949,2035-02-04,4,1,19353660,5281671,3
CUSIP,ID111531,5999592.16,40971587.54,EQ,2,2,1,0.6661,2034-07-01,2,1,20576735,-8192126,2
CUSIP,ID575326,16600422.09,23416130.53,EQ,2,8,3,0.7682,2031-09-14,3,1,3673765,-48614998,1
SEDOL,ID486078,49082925.36,26877018.1,HTM,2,9,1,0.5912,2029-03-30,3,1,31228335,29302972,3
INTERNAL,ID923684,26528298.08,28945030.89,AFS,1,9,1,0.5614,2034-08-29,3,1,-2062105,17643161,1
CUSIP,ID909152,29424634.65,3278716.11,HTM,2,7,4,0.8381,2027-01-04,4,1,-22240507,-35230897,3
INTERNAL,ID950213,38452689.2,32344126.32,HTM,1,6,3,0.9891,2026-10-05,1,2,44335640,5168863,1
CUSIP,ID993127,44081154.37,31086080.02,AFS,1,10,1,0.1384,2031-05-25,3,2,48263164,11747444,3
INTERNAL,ID401358,5834533.63,2315203.82,HTM,1,10,1,0.6352,2030-09-30,4,2,-3055592,45968714,1
SEDOL,ID645349,41872680.14,10669278.26,AFS,1,10,1,0.1324,2033-03-03,1,2,24070943,32575498,2
INTERNAL,ID682442,12566435.29,42172760.4,AFS,2,1,2,0.2137,2026-10-15,1,1,-2008108,-29222024,3
SEDOL,ID546046,22397909.73,32069196.64,EQ,1,11,5,0.0078,2030-12-14,6,1,23486782,-5227380,1
CUSIP,ID883512,44220045.24,45588685.86,HTM,2,4,4,0.131,2034-08-31,1,2,9087847,-11947785,1
SEDOL,ID830052,31791571.03,33551512.01,HTM,1,8,4,0.7481,2027-05-25,1,1,-30653769,21616736,1
SEDOL,ID315344,36764738.45,1741070.85,HTM,1,9,4,0.4616,2030-10-23,6,2,-25858806,-34986467,3
SEDOL,ID109218,8759642.72,38434017.49,AFS,1,6,2,0.5759,2033-05-25,3,1,49340499,-26484107,1
SEDOL,ID562301,43969437.11,9253508.24,HTM,2,4,3,0.7488,2031-11-24,1,2,-49339091,29679791,2
SEDOL,ID518865,19116923.33,4408008.06,EQ,2,2,4,0.7863,2034-02-19,2,1,-7573198,-10080891,2
INTERNAL,ID613339,20162983.75,46189989.45,AFS,1,2,2,0.8483,2033-02-01,4,1,40323111,8709091,2
ISIN,ID984852,40506183.55,35988194.41,HTM,2,4,4,0.1784,2033-08-25,3,2,30711296,17843353,3
INTERNAL,ID305982,10130827.94,40088691.58,AFS,2,11,4,0.2127,2033-01-13,2,1,35498019,-36272473,3
INTERNAL,ID191533,42026111.82,4777210.22,EQ,1,4,3,0.234,2026-08-27,6,1,-32023660,-4190405,2
INTERNAL,ID727031,44161490.74,40868348.4,EQ,2,1,4,0.6884,2030-09-27,4,1,-35557084,48024999,1
INTERNAL,ID663313,18485221.16,23937711.92,EQ,1,10,1,0.5915,2025-12-27,6,2,45669047,-35502843,2
CUSIP,ID981217,5459085.47,36813870.72,HTM,2,2,4,0.5199,2030-12-08,3,1,-38982501,-2964927,1
INTERNAL,ID984854,3857112.58,36797447.22,HTM,1,2,2,0.549,2025-04-29,6,2,22797848,-4386067,2
INTERNAL,ID850865,42584497.76,27126530.43,EQ,2,5,1,0.1091,2030-01-02,4,1,11116612,-45951407,3
ISIN,ID678422,48333216.91,41870271.33,EQ,2,5,3,0.6751,2028-09-19,3,2,-41039155,-21115849,2
INTERNAL,ID395608,16776392.29,48955349.86,EQ,2,10,4,0.908,2030-05-17,2,1,-6896446,12283201,3
CUSIP,ID954954,41301457.03,49780961.12,AFS,1,10,3,0.8487,2030-12-31,2,1,4224553,-28946758,1
ISIN,ID165723,24416505.53,34120261.47,AFS,1,3,2,0.751,2033-05-08,2,1,-32713212,-49878991,3
INTERNAL,ID182150,21150389.5,35968536.49,EQ,1,9,4,0.9662,2026-05-25,6,1,24710502,14196609,2
SEDOL,ID462106,41648525.22,3023167.31,HTM,1,4,5,0.6785,2031-05-04,6,2,26432735,-41963960,3
INTERNAL,ID102764,12050476.6,44947828.49,HTM,1,2,1,0.7552,2027-05-27,6,1,-33623174,-41973127,1
CUSIP,ID830699,45803016.24,33021173.81,HTM,1,3,2,0.9709,2027-10-24,4,1,-37233892,-9609345,1
CUSIP,ID858395,48178507.37,36732978.62,EQ,2,10,2,0.4081,2031-06-27,5,1,-24991300,46087341,3
INTERNAL,ID880502,45877266.6,15277097.96,AFS,1,3,4,0.1231,2028-05-01,2,1,7279716,44279619,2
SEDOL,ID830470,20876769.01,30977817.64,EQ,2,4,4,0.7814,2028-03-03,2,2,44117249,26730334,3
CUSIP,ID144628,39785127.89,43094813.78,EQ,2,8,1,0.4138,2031-06-24,4,2,26966122,2475702,1
ISIN,ID321651,11856132.46,4997877.39,AFS,2,8,4,0.3178,2030-01-10,5,2,10370341,-9324254,2
ISIN,ID177920,20023877.67,6796618.04,EQ,1,8,3,0.988,2028-10-03,4,1,-38187504,-6917946,2
INTERNAL,ID343769,30809798.28,25472215.22,HTM,2,4,2,0.562,2029-07-23,3,2,-41366566,28946427,3
SEDOL,ID482875,36863957.62,32795799.28,HTM,2,8,4,0.4498,2035-03-01,1,2,-6497391,-31854777,2
CUSIP,ID221569,48772761.26,30751299.92,HTM,2,1,1,0.0044,2025-12-13,5,2,18784932,-15317463,3
CUSIP,ID951353,28440753.91,15331206.42,EQ,1,7,4,0.4794,2031-12-11,3,2,32798831,-15767899,3
ISIN,ID515798,42426358.61,6560402.99,HTM,1,2,4,0.5852,2030-06-22,2,2,40955583,-1317777,1
CUSIP,ID262036,41958307.44,45620301.71,EQ,2,11,4,0.1356,2035-02-12,4,1,6539500,13654122,2
INTERNAL,ID521330,14212279.64,33503241.87,EQ,1,2,5,0.3327,2031-07-07,2,1,232018,39150688,2
SEDOL,ID922446,42620369.56,1609642.13,EQ,1,7,3,0.9113,2034-10-29,1,1,44830165,-33081032,2
CUSIP,ID893849,32470461.84,38754227.1,HTM,1,11,4,0.0164,2028-08-02,3,2,8483570,-39033632,3
CUSIP,ID765349,25296239.19,49768030.78,EQ,2,4,2,0.0748,2029-05-23,5,1,-11431638,12160852,3
ISIN,ID217319,25128208.68,49038382.27,HTM,1,1,2,0.4815,2031-02-01,5,1,-2692874,-21645952,3
INTERNAL,ID199791,37238489.71,27630711.57,AFS,1,7,1,0.0831,2031-09-10,6,2,-27306043,-18777104,1
CUSIP,ID442125,5956852.19,18891739.2,EQ,1,7,4,0.3494,2027-08-28,5,2,-48930525,46548488,3
INTERNAL,ID960092,11465544.24,47891562.36,EQ,1,7,5,0.3618,2034-03-16,3,1,15766239,6444896,2
CUSIP,ID521211,26794460.92,35159087.75,HTM,1,9,1,0.2705,2026-01-13,5,2,46355412,-38960080,2
INTERNAL,ID447647,48710607.27,9128856.46,HTM,1,1,1,0.0553,2030-01-11,6,2,42069608,-13687100,2
ISIN,ID197239,15876874.26,7929015.44,HTM,1,1,4,0.6384,2032-01-07,2,2,30287482,31426262,2
ISIN,ID684704,10999476.58,44593580.65,EQ,1,3,5,0.0102,2030-07-22,4,1,15301128,-38029086,3
SEDOL,ID696109,3035266.09,28544464.35,AFS,2,10,5,0.6058,2027-01-12,4,1,-7814427,5050398,3
SEDOL,ID823891,25745258.02,29143689.22,EQ,2,11,2,0.6791,2028-05-11,2,2,20289285,42233269,2
SEDOL,ID682270,36893486.24,24326952.12,HTM,1,3,5,0.2364,2030-11-27,1,2,7014234,4553362,2
INTERNAL,ID503880,35448397.37,27131728.38,HTM,1,7,5,0.0097,2033-04-21,4,1,34257443,-23361082,2
CUSIP,ID113055,28194718.02,40012075.87,EQ,1,4,4,0.5722,2032-04-10,4,1,22536726,8485176,1
SEDOL,ID818979,23817660.75,16564748.8,EQ,2,9,4,0.1243,2029-03-09,4,2,45175431,-33361691,2
CUSIP,ID965560,43933533.37,26379772.65,AFS,1,11,4,0.4477,2026-02-26,6,2,-41630135,4376259,1
INTERNAL,ID585099,22216774.59,38159076.05,AFS,2,8,3,0.8025,2034-11-29,6,2,-1299629,49681884,3
SEDOL,ID900205,44163805.34,27136292.73,AFS,2,9,1,0.4757,2031-10-23,4,1,-19791081,-25312581,3
ISIN,ID701061,40546818.79,39467112.23,AFS,1,1,4,0.896,2032-07-12,3,2,-627257,29071855,2
INTERNAL,ID361428,48388229.35,17535033.41,HTM,2,9,3,0.8357,2029-03-28,2,2,-14035324,22531711,2
SEDOL,ID886248,48568871.99,30537974.76,HTM,2,8,2,0.1478,2026-05-10,3,1,28585414,-41924469,1
SEDOL,ID450753,5484313.19,13811210.56,AFS,2,5,2,0.7533,2029-11-16,3,2,-45376766,-34898046,1
CUSIP,ID874229,36110954.34,33068798.92,AFS,2,1,1,0.4638,2026-08-17,4,1,13372304,5007261,1
ISIN,ID431715,6904862.97,15996353.82,HTM,2,1,4,0.0778,2026-05-03,1,1,-27737698,47715912,3
SEDOL,ID570406,39639789.87,36544103.32,HTM,1,1,4,0.1917,2029-05-29,5,2,-47798781,-21870541,1
CUSIP,ID532524,40117819.74,21093621.71,HTM,2,8,1,0.6225,2032-03-14,3,1,-43884438,-21719270,1
SEDOL,ID879830,9804196.65,37164451.56,EQ,2,6,1,0.4967,2028-12-09,4,1,307285,-20031283,2
INTERNAL,ID517782,28144824.28,34121524.83,EQ,2,7,5,0.9613,2033-12-11,4,2,1191295,-20860211,2
CUSIP,ID909987,26143347.68,42530549.97,AFS,1,10,2,0.3716,2025-10-07,3,2,-17709553,48260646,1
SEDOL,ID707670,3500415.18,37681056.81,AFS,2,4,2,0.4127,2029-12-12,6,2,18842130,18790788,1
SEDOL,ID387342,12272702.44,28193510.91,AFS,2,8,1,0.4945,2029-11-24,5,1,-18581666,9831352,2
CUSIP,ID879181,42199465.13,41750497.0,AFS,1,1,4,0.7247,2031-07-29,5,1,-21417370,49087231,2
SEDOL,ID230765,34473787.1,8245852.21,EQ,2,7,2,0.6683,2031-06-17,6,1,-37466001,38085561,1
CUSIP,ID463700,19248108.42,47140742.0,HTM,1,11,4,0.6357,2027-09-17,6,1,44580555,-48200576,1
ISIN,ID957151,37885927.59,49255310.31,EQ,2,1,2,0.3473,2025-12-31,6,2,-40329302,46567686,2
ISIN,ID626302,15878950.91,3834555.0,HTM,1,3,1,0.9322,2027-04-19,4,2,6020184,-8877525,3
ISIN,ID591597,44458140.81,13052539.85,EQ,2,5,1,0.2327,2033-07-01,6,2,-23480295,1659113,3
CUSIP,ID740868,22002344.56,26777978.73,EQ,2,9,4,0.9796,2028-01-15,4,1,42789032,-42893487,1
ISIN,ID576732,5627326.83,11057725.43,AFS,1,1,3,0.5434,2029-09-18,5,1,23712484,39722244,1
INTERNAL,ID479016,12365725.47,20150753.05,HTM,1,8,3,0.1373,2029-07-12,5,2,-6219028,-16872380,3
SEDOL,ID358527,46091700.66,23887718.46,EQ,2,10,4,0.17,2030-02-10,2,1,-23940302,-47208721,1
CUSIP,ID806282,3167707.72,22652223.29,EQ,1,3,3,0.1049,2027-03-19,3,1,15139953,5440836,2
INTERNAL,ID518172,27498317.22,27206712.2,HTM,2,3,4,0.3996,2025-12-15,3,1,25576789,-40334010,2
SEDOL,ID521633,30481976.3,47488909.82,HTM,1,7,3,0.3836,2029-04-07,3,2,40308485,-29614178,3
SEDOL,ID344194,24981064.89,25656649.45,AFS,2,3,1,0.976,2029-01-13,6,2,34783055,37244361,3
ISIN,ID490639,10590309.39,27595804.71,HTM,1,4,1,0.176,2028-02-11,1,1,-33499897,40947337,1
ISIN,ID378309,36465573.56,27416591.98,HTM,2,11,1,0.744,2030-07-19,5,1,41845087,-5641332,3
SEDOL,ID744665,35971955.11,10267988.37,AFS,1,7,1,0.4954,2027-04-11,3,2,-6758058,1078120,1
SEDOL,ID154994,37125423.91,7689798.7,HTM,2,2,3,0.7433,2028-04-23,1,1,44703007,12149049,2
SEDOL,ID239079,21408235.97,24659327.33,EQ,1,3,5,0.393,2025-08-16,3,1,-5194187,-32964060,3
SEDOL,ID244678,16977657.5,36176719.82,EQ,2,4,3,0.0375,2033-06-18,1,1,47020964,12756973,3
CUSIP,ID346492,27600567.4,30774013.41,HTM,2,8,2,0.7611,2026-11-10,1,1,-3563032,-48196568,1
INTERNAL,ID495834,3966120.65,35301092.91,HTM,2,7,3,0.3382,2026-07-21,4,2,27904174,16711731,2
SEDOL,ID537968,20354789.98,40710686.2,HTM,2,5,5,0.5931,2031-10-29,1,2,10304313,-45334124,3
CUSIP,ID604462,15411116.48,4094653.07,EQ,1,4,4,0.5351,2030-09-30,6,2,-12919025,-11436751,2
ISIN,ID397982,24499453.94,38979920.87,EQ,2,10,1,0.2831,2028-03-22,4,2,9093561,-44975099,3
SEDOL,ID267126,27350679.32,6606325.34,EQ,1,9,5,0.8255,2029-06-05,3,2,25963565,-37544328,2
INTERNAL,ID937339,10726598.98,12734311.79,HTM,2,6,1,0.8135,2031-12-30,2,1,31042113,-16249381,3
ISIN,ID299709,22701857.95,29423496.78,AFS,1,1,3,0.6771,2031-05-09,4,1,-42067608,13402552,2
ISIN,ID846417,4300902.38,36134867.18,EQ,1,4,1,0.4508,2034-11-08,5,1,17679212,45142493,2
ISIN,ID175874,15027726.3,43944324.63,EQ,2,8,5,0.607,2027-12-01,4,2,-20225824,45287922,3
INTERNAL,ID175257,12833057.71,19213265.9,AFS,2,7,1,0.7358,2029-08-25,5,2,22283503,5266256,2
INTERNAL,ID343856,21742408.62,5194946.29,AFS,2,6,4,0.8857,2027-08-15,6,2,7981542,-24530500,3
SEDOL,ID385479,34887497.8,28256676.92,EQ,1,6,1,0.1836,2028-06-21,3,2,3701050,1584278,3
ISIN,ID381663,13314110.98,37502945.26,AFS,2,7,2,0.9137,2029-06-23,3,2,-44500498,-8461741,3
SEDOL,ID247768,12991645.82,8042355.87,AFS,2,6,5,0.4677,2027-11-14,5,2,-11063593,12632150,3
CUSIP,ID641329,46144431.34,5779670.81,AFS,1,7,3,0.6902,2032-07-16,3,1,2687813,-39838295,3
CUSIP,ID626415,40330168.37,43674381.28,AFS,1,10,4,0.3274,2035-01-23,4,2,10942016,-23025730,2
ISIN,ID845776,3547383.84,42124165.91,AFS,1,6,4,0.0831,2026-06-06,6,1,-20100999,-5503488,1
ISIN,ID182972,40759092.78,38357817.98,HTM,2,7,4,0.7373,2025-11-28,5,2,8151802,19816368,1
INTERNAL,ID287513,45243377.28,26232009.87,HTM,1,4,4,0.2855,2028-11-21,3,1,-2493628,-41593496,2
CUSIP,ID790116,8699822.27,47594554.26,HTM,1,8,1,0.8651,2033-07-26,3,1,40488850,44775343,3
CUSIP,ID949771,16496405.51,41627669.69,EQ,2,1,5,0.4349,2029-09-29,6,1,-30765394,-19981540,3
INTERNAL,ID113069,42246050.81,47127001.47,AFS,2,6,3,0.4767,2027-05-25,6,2,-39164103,-48537081,1
CUSIP,ID953950,37227446.87,40496570.63,AFS,2,6,4,0.1568,2027-08-01,4,2,20433697,6918195,3
ISIN,ID977180,39525959.19,36966763.85,AFS,1,10,1,0.6065,2034-08-05,6,2,290158,-9556519,2
INTERNAL,ID908763,6944156.48,22600297.34,HTM,2,11,2,0.4316,2029-11-25,4,2,-34937156,40303869,3
ISIN,ID270829,43993401.81,16431911.85,HTM,2,8,4,0.8456,2027-02-18,6,2,-28863004,-39251139,1
ISIN,ID400076,3763450.2,41506325.39,HTM,1,9,2,0.33,2030-07-05,1,1,-35674453,-12621225,1
INTERNAL,ID445910,32747629.18,25866921.71,EQ,2,8,1,0.9399,2030-02-27,1,2,-44705082,29767429,1
ISIN,ID283356,14715637.84,38253731.64,EQ,1,8,3,0.3574,2029-02-01,6,2,49834827,40637121,2
CUSIP,ID801345,30476380.44,19827596.61,HTM,1,6,5,0.5358,2025-10-17,3,1,-4123136,-27327805,2
INTERNAL,ID696925,15928793.38,48337846.14,EQ,2,11,2,0.6536,2028-02-04,1,1,-16390664,-25553077,1
CUSIP,ID162483,8980661.97,27413407.02,HTM,1,8,5,0.0905,2028-06-22,2,1,21135180,40739341,1
CUSIP,ID415420,38870984.68,1802311.83,EQ,2,2,2,0.3324,2027-08-06,5,1,-47335403,-14131082,1
SEDOL,ID798125,3130415.31,30561195.11,EQ,1,8,1,0.386,2031-03-03,4,2,-3545496,43836473,1
CUSIP,ID434714,28446559.07,4110524.36,AFS,1,10,1,0.2323,2030-08-21,4,2,-8724617,-1761316,3
INTERNAL,ID747480,28262109.74,26047530.65,AFS,1,7,2,0.6883,2032-07-22,3,1,4642728,-38083587,3
CUSIP,ID145678,31457482.58,16116002.91,AFS,1,6,3,0.8036,2029-04-18,3,1,16145628,-9857509,1
CUSIP,ID803901,23597181.64,29024503.6,EQ,1,4,2,0.8925,2034-06-29,6,2,-40132126,27450880,1
CUSIP,ID471237,21607623.94,3589915.63,HTM,2,1,4,0.8867,2025-10-11,3,2,30755055,-6706058,3
CUSIP,ID350612,25399066.24,10387640.45,AFS,1,9,5,0.8779,2029-05-19,1,2,20583782,40416551,2
INTERNAL,ID996074,2081853.54,23658140.83,AFS,1,2,5,0.8669,2027-05-27,1,2,21830976,41881555,3
INTERNAL,ID100507,35183056.25,25522483.03,EQ,1,9,3,0.26,2027-12-26,6,1,-3788492,-6359977,1
CUSIP,ID799975,18911994.05,3389094.31,AFS,2,5,2,0.7272,2026-02-23,3,1,49966060,-40152408,3
CUSIP,ID442054,10334744.47,9616927.17,EQ,1,4,5,0.1605,2029-02-11,5,1,46877857,10904657,2
INTERNAL,ID783188,8444533.83,9506802.33,HTM,1,5,1,0.0262,2033-08-26,4,1,-19882520,26461354,3
INTERNAL,ID583684,45248570.87,32691747.57,AFS,1,1,4,0.786,2031-06-21,2,2,9752289,-44291216,1
SEDOL,ID228930,42099826.78,8213915.61,EQ,2,8,3,0.5751,2033-03-21,6,2,-22936181,-25419784,1
CUSIP,ID152532,37417730.86,6606828.86,HTM,1,5,3,0.4276,2028-09-30,4,1,44799394,-3730067,2
ISIN,ID140643,20026716.54,42982252.79,EQ,1,6,5,0.0898,2029-07-24,4,1,42363903,-48345480,1
CUSIP,ID266415,48552410.03,3878652.83,EQ,1,2,4,0.7839,2028-08-31,4,2,-36298050,49131052,2
INTERNAL,ID173899,12501438.43,25154942.66,AFS,1,8,1,0.7412,2029-02-11,4,2,-29834973,-39666428,3
ISIN,ID299449,17816954.54,41632786.89,EQ,2,2,3,0.1644,2032-05-22,2,2,-47605877,15424312,1
CUSIP,ID692063,40112241.22,14795252.36,EQ,2,1,2,0.5574,2027-12-15,4,2,1766951,1770043,3
INTERNAL,ID945907,37751919.56,32355908.38,HTM,1,1,5,0.6875,2034-03-29,5,1,5066081,-3829205,3
INTERNAL,ID803841,27762493.32,7495474.45,HTM,2,4,1,0.4031,2031-10-10,3,2,-2581386,13720790,1
ISIN,ID154346,38850351.28,24832666.88,AFS,1,5,2,0.0105,2029-04-24,2,1,-46982871,-22562331,1
CUSIP,ID632332,14553655.0,17291299.59,AFS,2,6,5,0.9227,2028-03-08,5,2,-49503691,-37002122,1
CUSIP,ID953588,13625222.46,31709948.83,HTM,2,5,4,0.5847,2025-08-12,4,1,-27597435,-20189339,2
ISIN,ID557504,4973563.6,18324809.66,AFS,1,6,3,0.1719,2031-11-08,5,2,-39735779,46181357,2
SEDOL,ID125645,27723160.35,41177687.07,HTM,2,10,4,0.1798,2033-01-15,2,2,21159601,-6574519,2
INTERNAL,ID447735,43598697.08,16162231.36,HTM,1,11,2,0.992,2031-05-30,4,2,10618372,20735834,3
CUSIP,ID816031,24117232.52,47099804.13,EQ,2,3,3,0.0821,2028-09-06,5,2,-18825999,-38542006,3
INTERNAL,ID196666,24175111.18,11871876.37,AFS,2,3,4,0.0749,2033-06-30,1,2,-36729171,-8095023,3
INTERNAL,ID834912,5211231.47,27347859.68,HTM,2,6,2,0.7971,2035-01-06,5,2,-27683681,10285292,1
CUSIP,ID428365,23859073.38,42072346.5,AFS,1,2,1,0.8604,2027-07-11,3,2,-12344479,-46067992,2
INTERNAL,ID303649,2307093.3,47181782.44,EQ,2,1,5,0.6036,2034-02-16,1,2,-17401953,15622583,2
CUSIP,ID735731,48439295.19,46222010.38,HTM,2,7,2,0.6783,2032-07-15,1,2,27494902,-7089118,2
INTERNAL,ID422723,41881737.47,18239593.45,AFS,2,6,5,0.1587,2034-03-28,3,2,-25200600,-6927279,1
INTERNAL,ID430739,43320321.85,44531424.13,HTM,1,8,5,0.3687,2034-04-17,6,1,11368461,30536295,2
ISIN,ID249177,39195310.54,36519717.17,EQ,2,1,1,0.5298,2034-06-24,2,1,-25218487,26966816,2
ISIN,ID878290,44451482.32,25763740.43,EQ,2,11,4,0.6169,2030-10-15,3,2,-43998149,24108169,3
SEDOL,ID394595,11081170.52,2496582.25,EQ,1,8,5,0.4646,2026-06-07,3,2,40391077,-21507810,2
CUSIP,ID787717,6818444.14,11860644.22,EQ,2,8,2,0.2213,2030-04-20,2,2,12269280,4471655,1
CUSIP,ID381484,30610428.47,37325922.86,HTM,2,9,1,0.4705,2029-06-11,1,1,-46632979,-7047879,3
ISIN,ID183844,35336286.95,6931887.04,EQ,2,10,5,0.4624,2034-01-27,6,2,-48508131,31037213,1
SEDOL,ID642707,3118485.38,38119265.36,EQ,1,2,5,0.3829,2025-10-23,5,2,40577232,22275255,3
SEDOL,ID859413,24384044.62,26723202.16,EQ,1,9,3,0.1541,2029-10-30,1,1,-47463089,29451177,2
SEDOL,ID537445,20396399.2,49977952.08,EQ,1,8,3,0.0958,2030-02-09,6,1,45423231,35348441,2
ISIN,ID463339,4551770.17,5867868.52,HTM,2,8,1,0.1068,2030-04-29,4,1,46203905,-15385019,1
INTERNAL,ID629983,22972414.36,2985691.39,HTM,2,6,2,0.0481,2029-07-26,2,1,-20961525,-7938174,2
SEDOL,ID763946,3548395.23,35533756.94,AFS,2,4,5,0.3066,2025-07-20,3,2,-23574743,-43958423,3
ISIN,ID826951,16732189.21,11314852.07,HTM,2,3,4,0.6539,2027-07-07,5,2,-48248592,44248273,3
INTERNAL,ID475921,8206998.72,44322173.49,AFS,1,5,5,0.5789,2029-08-31,2,1,-352142,-23551212,2
ISIN,ID531252,4277772.42,48307074.27,HTM,2,4,1,0.6383,2032-11-08,4,2,-9132697,35331974,3
INTERNAL,ID811652,17158603.25,49857321.83,EQ,1,10,2,0.988,2033-03-30,1,2,-8509820,23717717,1
SEDOL,ID184429,13939506.3,38315256.17,HTM,2,2,3,0.6238,2032-01-22,5,2,28484037,-18956885,3
CUSIP,ID547107,14575726.85,9980858.55,EQ,1,3,4,0.0847,2034-01-30,5,1,48853523,20193243,1
INTERNAL,ID589225,12191245.26,9210655.89,EQ,2,1,2,0.132,2028-07-17,5,1,-22340326,-46279053,3
INTERNAL,ID937768,14759493.14,13979322.85,AFS,1,10,2,0.7958,2027-04-30,3,1,-37363045,7449092,1
SEDOL,ID854888,26843735.58,37777319.23,AFS,2,1,4,0.9362,2029-06-18,5,1,32738792,-6548135,2
ISIN,ID713651,32879119.65,31115535.98,HTM,2,2,5,0.1035,2025-12-07,4,2,15840216,17423950,3
CUSIP,ID186181,41579827.3,31199763.85,AFS,1,7,4,0.9701,2034-12-09,6,2,-17241115,-11786550,1
INTERNAL,ID647318,37388739.99,21009260.0,HTM,1,10,3,0.8598,2032-04-29,3,2,-17602790,-33762450,2
SEDOL,ID463841,28587639.64,5088260.38,HTM,2,10,2,0.6296,2034-01-02,3,1,7716170,-36211701,3
ISIN,ID663199,33586469.13,38268735.5,HTM,1,11,5,0.259,2025-08-31,2,2,-34594242,-74534,1
ISIN,ID860796,16556739.07,8823537.79,AFS,1,9,4,0.1012,2029-03-09,6,2,26012802,49348709,3
CUSIP,ID174160,13495140.22,15336750.92,HTM,1,1,1,0.2032,2031-11-26,3,2,46548545,27928501,3
ISIN,ID699323,33789422.42,23954921.27,EQ,2,4,4,0.5154,2032-12-24,4,1,-2665887,22455848,3
ISIN,ID851776,1897148.51,20169481.09,EQ,2,6,3,0.9975,2034-08-10,4,1,49660228,-49460127,3
INTERNAL,ID811083,40819406.5,31266134.13,EQ,1,1,1,0.7808,2029-11-09,3,1,25712736,-10286406,1
CUSIP,ID945995,5992246.72,42325862.62,HTM,1,5,1,0.1178,2030-02-24,6,1,-40754231,-37052535,3
ISIN,ID785987,26790103.93,37570823.44,HTM,2,9,3,0.8492,2035-01-11,6,1,-24846723,29345611,3
CUSIP,ID440707,16102433.75,9352730.53,HTM,2,4,4,0.9069,2033-10-18,3,1,-26342284,-29822109,1
INTERNAL,ID266298,47423384.43,44853050.48,EQ,2,3,5,0.1976,2035-02-17,4,1,-21527657,-13029742,3
CUSIP,ID640612,22949749.29,21264758.43,AFS,2,4,3,0.4918,2030-08-10,4,1,8866854,-7267488,1
SEDOL,ID681083,8340459.32,15471256.8,AFS,2,3,2,0.0081,2033-09-11,4,2,8323344,17672132,1
ISIN,ID530832,1777403.84,37377133.03,EQ,1,1,5,0.0883,2029-11-11,4,2,49635292,-6066616,2
SEDOL,ID352057,11443746.59,48170887.14,EQ,1,1,1,0.2835,2034-08-22,3,2,-43836894,29226235,1
CUSIP,ID976789,23061650.85,49290819.22,AFS,1,8,5,0.2281,2031-06-10,2,1,-34521102,17806117,3
ISIN,ID715108,9802780.62,28549416.3,EQ,1,11,5,0.1989,2030-07-22,6,2,27025154,874505,1
ISIN,ID518007,10177835.7,40118042.73,HTM,1,9,4,0.918,2025-09-30,4,1,-34464618,34488508,1
CUSIP,ID644518,21767859.88,49265172.73,HTM,1,11,5,0.6513,2026-07-04,3,1,42503330,-44900929,1
ISIN,ID259091,42676006.86,9266330.18,EQ,2,6,5,0.4494,2028-09-08,2,2,17188108,-281027,1
INTERNAL,ID990311,9595978.69,40836856.39,AFS,1,2,5,0.7924,2026-12-22,5,1,36319559,-38752820,2
SEDOL,ID141284,8657721.9,10005540.1,EQ,2,5,5,0.5397,2032-05-06,4,1,-11180745,40658240,2
ISIN,ID786510,17638071.41,4258109.49,AFS,1,2,5,0.1413,2032-05-25,1,1,42462686,-2852982,3
INTERNAL,ID723101,16391402.12,6209084.76,EQ,2,2,4,0.0121,2031-01-25,5,1,-48117477,-15541161,3
ISIN,ID574785,4221865.31,24041602.33,AFS,2,2,1,0.0531,2026-09-30,2,2,-17719932,19094585,1
CUSIP,ID581075,47216453.54,37553112.21,EQ,2,9,5,0.1436,2025-06-30,5,2,-5079115,35705516,3
SEDOL,ID641172,37774955.11,6716898.88,EQ,1,1,4,0.5582,2031-11-10,1,2,15682251,-26129709,1
SEDOL,ID988057,46534980.93,46908918.86,HTM,2,9,1,0.7656,2030-04-11,1,1,45882836,-47563993,2
INTERNAL,ID410256,36315229.74,17425240.63,HTM,1,3,3,0.0821,2031-10-20,3,1,43438949,-21426092,3
SEDOL,ID799813,37436097.65,26068375.04,AFS,2,7,5,0.7514,2027-05-31,4,1,-12435050,-44718254,1
CUSIP,ID104101,28176127.07,7194486.38,AFS,2,8,4,0.5765,2028-08-27,5,1,19108522,3919537,3
INTERNAL,ID888804,38728709.3,4152373.02,HTM,1,2,3,0.2911,2030-03-17,2,1,29062000,-7147794,1
INTERNAL,ID800856,29884920.88,49866378.02,HTM,2,2,2,0.0408,2035-01-20,5,1,18571380,23443520,2
INTERNAL,ID138803,20990036.71,15269153.46,EQ,1,4,4,0.2931,2028-12-27,2,2,-7101249,-41739611,3
CUSIP,ID433066,4318134.22,42989753.98,EQ,2,7,4,0.0857,2027-11-20,2,2,-45009042,21333007,1
INTERNAL,ID420691,35659292.01,47691465.4,AFS,1,6,1,0.2334,2028-06-15,5,1,20878226,15786066,3
SEDOL,ID891674,49103828.36,42181058.85,EQ,1,2,5,0.1242,2025-08-04,1,1,-7355409,-49449337,2
INTERNAL,ID248640,5326716.97,33423289.01,AFS,1,7,1,0.5347,2033-12-25,6,2,-44093558,31706780,1
CUSIP,ID419890,28842681.31,24479278.53,AFS,1,3,1,0.0476,2030-01-28,3,2,-6195663,-15721931,1
INTERNAL,ID777352,21198225.6,1769083.66,AFS,1,5,2,0.2429,2033-05-17,4,1,-26817437,-39256853,2
CUSIP,ID298367,9138050.25,36882770.97,AFS,2,10,3,0.0962,2030-10-25,4,1,39651848,45502514,3
INTERNAL,ID600798,17414173.0,14055489.52,EQ,1,9,1,0.4326,2030-06-30,2,2,-10508489,-7887269,2
ISIN,ID650461,27689211.19,34324358.46,HTM,2,6,1,0.1411,2034-02-28,2,1,-24640906,-16737143,3
SEDOL,ID202071,5870386.52,29571158.68,AFS,1,11,3,0.9047,2030-10-30,4,1,43940112,-17118490,1
SEDOL,ID673319,36910735.11,31978072.28,EQ,1,7,2,0.8201,2035-02-15,6,2,-35957675,-11201580,2
CUSIP,ID931066,23573782.01,17781621.66,AFS,1,9,4,0.8539,2028-09-30,4,2,7192303,-2972900,1
ISIN,ID213632,2591147.44,34355037.46,HTM,1,5,1,0.1817,2031-12-02,4,1,34105561,44058265,2
ISIN,ID300452,5129597.64,17825407.18,EQ,2,3,2,0.9787,2026-08-21,5,2,3400711,35226772,1
CUSIP,ID747199,44699802.87,13838403.87,EQ,1,9,4,0.5988,2025-08-30,6,1,2559495,42202223,2
ISIN,ID901028,11349932.2,36905618.35,HTM,2,6,5,0.4072,2032-09-08,6,2,-31825223,23632913,2
INTERNAL,ID303652,39633738.22,22673137.77,AFS,1,11,3,0.0405,2027-09-11,2,2,39543527,-3563127,3
CUSIP,ID723566,47564681.76,29137438.71,EQ,2,8,1,0.2152,2034-04-01,1,1,-26517596,-8317866,2
INTERNAL,ID103781,23172758.61,37532773.34,HTM,2,1,5,0.6102,2025-11-25,2,2,-3630024,-27641906,2
CUSIP,ID977168,18996362.94,6635669.81,EQ,1,3,4,0.9759,2025-06-18,4,1,46313026,18119399,1
CUSIP,ID898704,49139110.01,1412211.92,AFS,1,6,5,0.1811,2027-05-28,5,2,15846273,39798409,2
INTERNAL,ID802788,5079301.99,28992807.31,AFS,1,1,4,0.2692,2034-08-04,5,1,-2754255,16523272,2
CUSIP,ID556346,24336219.76,25963883.26,AFS,1,4,3,0.603,2034-12-11,4,2,-36532723,33399257,3
INTERNAL,ID466935,49812822.25,37542043.65,HTM,1,11,3,0.3811,2029-10-19,2,1,-33323394,-36448930,2
INTERNAL,ID150445,39035953.7,10607394.7,EQ,1,7,3,0.353,2028-11-02,6,1,-2523312,-6370700,2
SEDOL,ID560443,23017439.88,6830574.61,HTM,2,2,2,0.588,2031-12-24,3,1,22664675,-31324230,1
CUSIP,ID679358,34303117.58,34466155.75,HTM,2,4,2,0.809,2028-11-07,6,1,-29188272,-42746127,1
INTERNAL,ID772689,18720144.04,22544804.52,HTM,2,10,3,0.2985,2030-11-09,2,1,-10166153,-28731066,1
ISIN,ID786894,49718590.12,34866776.45,EQ,2,4,2,0.7421,2030-02-05,6,2,-27406092,46726422,3
SEDOL,ID588888,21288073.85,8140063.75,EQ,1,11,3,0.062,2033-07-27,3,2,36435594,-5759382,3
SEDOL,ID835124,29765963.69,42039802.24,AFS,1,7,1,0.5098,2032-02-14,3,2,44572179,40824878,3
INTERNAL,ID163929,18419514.89,36672312.31,HTM,1,7,5,0.1328,2027-06-19,5,1,4718516,24098270,2
SEDOL,ID593195,38039638.03,11244326.71,AFS,2,2,1,0.5296,2029-06-16,1,2,-47044527,39061635,3
ISIN,ID313021,42495796.0,39116948.1,EQ,1,1,2,0.3739,2029-06-25,4,2,31592764,-32743204,2
SEDOL,ID709848,10422853.57,10835787.28,HTM,2,5,2,0.1832,2031-03-03,4,1,3592068,26458525,2
SEDOL,ID773633,48609754.34,28113634.42,HTM,2,10,5,0.7139,2029-08-05,5,1,33161717,3621931,1
ISIN,ID677289,48387510.79,17274350.5,HTM,1,7,1,0.3603,2029-11-17,6,2,-31071140,22327091,1
INTERNAL,ID527331,36773648.12,27294346.53,HTM,2,6,1,0.4213,2032-08-14,4,1,47150855,-23987684,2
INTERNAL,ID678746,8097876.07,13815645.16,EQ,1,11,3,0.2299,2025-11-08,2,1,40053083,14438895,3
ISIN,ID527627,47096039.53,36429177.22,AFS,2,4,4,0.2172,2033-04-07,6,1,-39801732,-44670368,1
CUSIP,ID431360,4880829.02,28525731.61,AFS,1,5,4,0.4329,2025-06-30,2,1,38787094,-40276906,3
SEDOL,ID335295,32378725.54,2785037.61,EQ,2,5,3,0.9748,2029-12-19,5,2,-30482723,-48832288,3
ISIN,ID391265,19805269.69,30360787.21,EQ,2,7,1,0.5562,2029-10-17,6,1,-49347152,-39969208,2
CUSIP,ID917640,32199803.86,21012635.66,AFS,2,7,5,0.5557,2034-05-28,1,2,34515881,34417344,1
CUSIP,ID271988,49350351.31,46472116.05,HTM,2,4,2,0.0088,2029-11-30,4,2,-49610430,39055499,1
INTERNAL,ID757582,18129454.23,34394145.06,AFS,1,11,2,0.3604,2031-09-28,1,1,43639361,38771618,3
CUSIP,ID716919,30360857.43,17424964.33,EQ,1,5,1,0.7214,2031-03-22,2,1,30313709,49984095,1
INTERNAL,ID755504,36029707.52,32871903.75,EQ,1,9,1,0.6153,2035-01-20,3,1,36736596,-29736185,3
SEDOL,ID164858,3332009.39,18486396.01,HTM,1,5,5,0.568,2033-09-28,6,1,43978286,-43832448,3
CUSIP,ID999845,1386818.27,13123079.98,AFS,1,7,4,0.854,2029-04-15,6,1,-18402794,43750812,2
INTERNAL,ID297733,13482675.98,38834160.07,AFS,2,10,1,0.4006,2032-10-01,4,2,-3347253,-36533063,1
CUSIP,ID356636,30786154.55,36168168.83,AFS,2,8,2,0.9979,2031-09-24,4,1,-29006408,-46384977,3
CUSIP,ID475403,17958163.44,15460969.99,EQ,1,11,2,0.943,2028-04-04,6,1,34134339,-21908105,1
ISIN,ID594585,28938553.12,19472018.14,HTM,1,10,5,0.9601,2029-09-11,4,2,-28947891,-16372062,2
CUSIP,ID807234,17597615.81,23294209.27,AFS,2,2,1,0.3828,2026-05-03,1,2,10796197,18613824,3
CUSIP,ID312846,31200332.24,42784855.53,AFS,2,5,3,0.7267,2025-05-17,2,1,8177166,-5188741,3
INTERNAL,ID429856,39718564.19,24138466.23,EQ,1,10,1,0.3075,2034-09-20,1,2,-12890056,-12320428,3
INTERNAL,ID783178,27920580.76,27914093.74,HTM,2,5,5,0.8207,2027-02-17,2,1,-21977014,-27104078,2
SEDOL,ID764344,46371346.25,33281056.76,AFS,2,2,5,0.9294,2025-05-20,6,1,-10018781,3671623,1
SEDOL,ID815046,5720204.63,34037654.19,AFS,1,11,5,0.4576,2026-05-10,4,2,-19419978,35690290,3
SEDOL,ID918545,29103005.66,44856884.5,EQ,1,4,4,0.4438,2030-11-18,3,2,-19021718,-27901572,2
ISIN,ID217320,33951597.61,39416178.86,HTM,1,8,3,0.371,2025-09-18,1,2,-48515372,-47735850,2
INTERNAL,ID633598,3601613.03,29588731.66,AFS,1,5,2,0.1224,2030-11-01,5,1,-13389026,-25498648,1
CUSIP,ID858987,47102245.7,10509428.83,HTM,2,4,5,0.8477,2032-01-11,4,1,46404552,-40805690,3
SEDOL,ID175047,21765559.04,39167486.75,EQ,1,6,2,0.4844,2027-06-07,3,1,-21248510,28252752,3
SEDOL,ID453620,46834054.75,17220409.76,HTM,2,8,3,0.7979,2033-10-12,2,1,19657225,-48841980,2
ISIN,ID139653,32875155.6,29103902.24,HTM,1,4,1,0.3811,2032-09-11,5,2,-25760719,35274175,1
SEDOL,ID950313,41612735.16,40349642.44,HTM,2,6,5,0.7022,2028-10-22,1,2,11113392,33835005,3
CUSIP,ID833927,36467962.49,17109227.54,AFS,2,8,1,0.0061,2028-12-10,6,1,-10760514,-34248971,3
SEDOL,ID452337,2641348.28,20416247.43,AFS,1,7,3,0.4512,2029-01-16,1,2,-46306859,-21221480,3
CUSIP,ID423446,26078684.75,43525608.61,HTM,1,7,4,0.4803,2032-06-24,1,1,23969650,-27417908,3
SEDOL,ID954971,49851639.61,8736672.52,AFS,2,3,1,0.9989,2028-06-29,2,2,24567703,-20041553,1
SEDOL,ID570331,31232249.23,14542773.16,AFS,1,11,1,0.8992,2033-01-18,6,2,-37223826,37427510,1
SEDOL,ID303932,19220016.36,2130095.21,HTM,1,3,4,0.9996,2028-04-02,3,1,43590864,10653794,2
INTERNAL,ID462628,2769248.98,35593456.72,HTM,2,2,3,0.8938,2031-05-13,4,1,34664600,24383813,2
SEDOL,ID701908,8945569.27,22171249.82,EQ,2,1,3,0.3268,2033-05-01,1,2,-6962681,5691062,2
INTERNAL,ID349986,27093823.96,46779426.32,HTM,1,11,5,0.6539,2029-09-08,5,1,36202216,-21581570,1
CUSIP,ID776584,20125718.45,40756582.76,AFS,1,3,4,0.5837,2026-04-17,6,2,-42856102,10046375,1
SEDOL,ID709185,9670326.24,21744628.05,AFS,1,6,1,0.0757,2031-07-27,5,1,44661916,-30541146,1
INTERNAL,ID743167,1609935.36,41853450.16,HTM,2,8,3,0.6142,2035-02-20,6,1,-25630534,-9767751,3
ISIN,ID681488,13168860.05,19068469.49,HTM,2,1,1,0.6866,2026-04-13,6,1,-32779055,-31061145,1
CUSIP,ID899355,44957837.94,30412753.33,AFS,2,6,1,0.1618,2032-02-05,4,2,38077871,27668093,3
SEDOL,ID319657,30290432.23,37332138.67,AFS,1,5,4,0.4666,2033-11-06,4,1,-44747761,-39259959,3
SEDOL,ID238419,34828568.15,21147326.12,HTM,1,3,3,0.6546,2026-10-02,1,2,20532656,20340093,2
CUSIP,ID600652,35969735.07,24441998.55,AFS,1,8,4,0.1435,2025-10-27,1,2,1519182,39943541,3
ISIN,ID190071,28072913.92,13424831.2,EQ,2,1,4,0.7821,2027-04-29,2,1,-501336,-27168483,2
ISIN,ID437636,40432493.26,8622642.7,EQ,2,5,3,0.9621,2033-10-30,6,1,40277986,-39673983,1
ISIN,ID592001,3426394.29,2616884.84,HTM,1,6,2,0.6776,2034-03-03,6,2,18149928,44461526,2
SEDOL,ID901200,7157522.01,24717220.59,EQ,2,6,4,0.3916,2026-06-24,3,2,-46801189,-31445556,2
SEDOL,ID911788,42820287.26,32809043.51,EQ,1,6,2,0.3197,2032-07-15,3,1,-23568309,-9214292,2
SEDOL,ID344164,36168080.64,34936469.13,HTM,1,10,5,0.8025,2027-02-28,6,1,21530523,3058527,1
SEDOL,ID282336,21121577.61,28080572.15,EQ,2,10,5,0.4465,2032-05-28,6,2,-8435968,34819741,2
CUSIP,ID409054,22529554.57,34945169.58,HTM,1,6,3,0.3831,2034-10-18,1,1,-7090952,-10564516,3
CUSIP,ID860573,36453820.19,38289712.35,AFS,2,2,5,0.3031,2032-01-17,6,2,2848233,14030216,1
SEDOL,ID850121,46644261.48,30789240.59,HTM,2,6,1,0.9042,2026-01-29,1,1,-15355518,-22363090,1
SEDOL,ID780383,11721144.24,41207848.25,HTM,1,2,5,0.191,2032-09-27,1,2,18046493,-36943766,1
CUSIP,ID694057,9831182.9,26452525.7,HTM,2,1,1,0.4151,2031-01-19,5,2,-42574257,17303991,2
INTERNAL,ID885641,3629275.48,20235969.77,EQ,2,5,4,0.9638,2032-03-09,6,2,34667419,-20384367,2
ISIN,ID671172,1196268.2,39883327.01,HTM,2,5,5,0.2541,2030-12-18,3,2,-26055560,19917134,1
CUSIP,ID187338,14775209.89,28818678.87,HTM,1,8,2,0.6257,2025-05-10,4,1,-39104185,-45642572,1
SEDOL,ID740097,44725926.6,40677915.92,EQ,2,8,3,0.6255,2027-06-16,1,1,-38653347,-13596601,2
CUSIP,ID268741,44674207.47,29291798.84,EQ,1,7,1,0.2712,2025-06-30,5,1,-46394721,-17379982,1
INTERNAL,ID363009,34829028.06,3819740.18,AFS,1,3,3,0.0556,2030-12-26,5,1,-35556081,-15674257,2
INTERNAL,ID749841,27745800.26,16808580.94,EQ,1,4,2,0.1525,2030-03-13,2,2,42896686,-17991563,3
INTERNAL,ID434873,10467424.41,44762837.48,AFS,2,11,3,0.648,2032-09-12,5,2,-1810067,8390449,1
ISIN,ID545893,42946113.53,28539716.44,HTM,2,11,2,0.9663,2030-02-21,3,2,-22255404,37784762,3
SEDOL,ID334595,24556034.87,28562861.46,HTM,2,10,3,0.7382,2028-08-08,6,2,15967847,-34712778,2
ISIN,ID318265,21529682.63,20166755.46,AFS,1,1,4,0.4945,2034-07-11,2,1,-48720982,10412506,3
SEDOL,ID305377,41181727.89,29530589.32,HTM,1,9,4,0.0513,2029-03-19,3,1,-35623107,-28435838,2
CUSIP,ID289237,45689581.62,16682118.64,HTM,2,5,5,0.3496,2031-06-29,1,1,-2822414,29293839,1
INTERNAL,ID924876,23998954.37,17230123.54,HTM,2,11,4,0.2834,2027-07-30,6,1,7387603,33014715,3
INTERNAL,ID376062,25866752.37,9990734.29,AFS,1,7,3,0.7754,2031-06-13,2,2,-10343652,-48050862,1
CUSIP,ID621065,40421504.18,2084481.26,HTM,1,2,5,0.2614,2028-05-20,3,2,-38614604,-39337674,2
SEDOL,ID232633,11681209.74,30485528.48,HTM,2,7,5,0.1216,2029-12-19,4,1,-13286868,-20913723,2
INTERNAL,ID964838,19537791.18,45656317.67,HTM,1,6,5,0.377,2033-09-27,3,2,33477199,2454775,2
SEDOL,ID617966,6066245.04,34766605.7,EQ,2,11,5,0.0445,2031-01-22,4,2,3071311,21309546,1
ISIN,ID147349,32089192.5,41221641.75,HTM,2,7,4,0.2972,2031-11-07,5,2,2448308,17859277,2
CUSIP,ID833681,3158180.4,47439805.81,AFS,1,7,2,0.657,2030-11-08,2,2,20430615,-23275968,3
CUSIP,ID523220,22358691.51,22237921.09,EQ,2,6,5,0.7236,2034-10-03,1,1,4224681,12200401,3
CUSIP,ID779854,28277743.3,45245356.65,HTM,2,6,2,0.244,2028-07-05,4,1,30730359,7766844,1
SEDOL,ID596286,46582965.03,45746546.79,EQ,2,3,2,0.1508,2027-04-03,1,1,-36495137,-38593630,2
ISIN,ID360065,31537343.68,35543915.93,HTM,2,3,2,0.6893,2032-07-06,5,2,35375379,-46615767,1
SEDOL,ID760115,8681686.69,4215632.35,EQ,2,10,3,0.2976,2031-03-05,3,1,49607061,31351312,1
INTERNAL,ID214692,23159044.52,9246008.38,EQ,1,5,3,0.2419,2028-09-01,4,2,-161137,-6883884,2
CUSIP,ID228482,49816023.21,35294155.67,EQ,2,5,2,0.8535,2031-05-17,6,1,-34339120,-25668640,1
INTERNAL,ID398160,18255617.11,5960159.06,AFS,1,9,3,0.6953,2034-01-23,3,2,33359362,43874710,2
SEDOL,ID677103,15283463.28,34781928.3,AFS,2,1,1,0.2416,2033-11-04,2,1,-5569604,-31954894,3
INTERNAL,ID332718,49052426.97,44558231.09,HTM,1,4,4,0.9682,2028-09-08,4,1,-4872354,-41741291,3
SEDOL,ID132144,21827792.3,9523255.49,EQ,2,9,5,0.4699,2032-11-25,2,2,29216644,10055945,2
ISIN,ID298055,29776804.81,48959645.04,HTM,1,10,1,0.8401,2034-02-16,3,1,-8033429,46048763,1
CUSIP,ID447342,34219144.82,23238025.4,EQ,2,7,5,0.8964,2026-03-22,5,2,48503371,-21744318,2
CUSIP,ID463466,13051141.95,46330606.48,AFS,2,1,4,0.4562,2025-12-28,5,1,-8167820,-1023883,1
ISIN,ID912390,1426169.0,9854368.91,HTM,2,8,3,0.5176,2032-12-21,5,2,25110375,-10897653,2
CUSIP,ID520122,39530614.84,29188095.36,HTM,1,5,3,0.8509,2032-12-10,4,1,5446051,-34850303,3
ISIN,ID948864,20464338.07,16558085.43,AFS,1,11,4,0.2736,2030-10-11,1,1,-3092262,-34380436,1
SEDOL,ID590933,30974151.09,13709930.5,AFS,1,7,5,0.3288,2027-07-15,4,2,-7575569,22451320,1
ISIN,ID271066,3391766.39,12221103.49,HTM,2,10,2,0.9326,2029-08-09,4,2,16115739,5786445,2
SEDOL,ID963899,27976464.91,2491875.62,HTM,2,10,5,0.3718,2035-01-10,3,1,9169039,35628296,1
ISIN,ID444119,5999659.18,44392368.78,AFS,2,6,5,0.3555,2033-10-31,5,2,-34771882,29964252,2
SEDOL,ID194073,36190703.0,15515563.37,HTM,2,5,1,0.7577,2027-08-10,1,1,-20310175,21428451,3
ISIN,ID703286,2915197.43,16090868.01,HTM,1,8,2,0.4529,2034-11-08,4,1,4363929,-23797051,2
CUSIP,ID428666,24867482.07,31598619.74,EQ,1,10,5,0.8397,2026-11-15,1,1,-45426858,-44479982,3
INTERNAL,ID147149,17313807.43,20896236.54,AFS,1,8,1,0.7346,2034-06-16,6,1,-39468773,-49586362,2
SEDOL,ID486945,29939490.68,6454106.21,AFS,1,1,5,0.5044,2025-07-27,2,2,11527359,-1888316,1
INTERNAL,ID563954,29064192.94,12749556.87,EQ,2,10,3,0.2274,2029-08-15,3,2,-48500833,-4991569,1
SEDOL,ID555479,46323897.79,48540326.43,EQ,1,5,3,0.1882,2032-10-31,2,2,22281500,3753961,1
ISIN,ID172460,14939553.22,30063726.25,AFS,2,2,4,0.356,2030-08-09,1,2,-44189920,5977826,2
ISIN,ID868510,18904620.2,6727623.06,AFS,1,10,3,0.0293,2034-02-26,3,2,-9658847,-16461931,3
ISIN,ID662417,41451965.81,3536497.54,HTM,1,11,3,0.0746,2034-05-01,3,1,-1238398,8778659,2
CUSIP,ID244243,3637197.48,1826806.48,EQ,2,7,5,0.0557,2026-03-26,1,1,-46866727,40338151,1
SEDOL,ID257732,5033850.98,18900807.16,HTM,1,5,3,0.0368,2033-03-01,1,2,33703999,-34248065,3
SEDOL,ID618765,34371573.09,10850277.27,AFS,2,4,5,0.424,2028-06-08,3,2,34789773,3535835,1
ISIN,ID431592,24917749.72,18835595.98,AFS,1,2,5,0.1852,2027-03-21,2,1,-14096150,21827626,1
ISIN,ID301317,38082294.3,19810275.03,AFS,1,2,2,0.7633,2027-08-19,5,2,39871708,-43341559,1
ISIN,ID192377,28605065.32,40670496.54,EQ,2,10,2,0.0807,2026-03-06,5,2,21794617,10424382,2
CUSIP,ID923752,16840936.97,25144356.02,EQ,2,10,1,0.9888,2030-08-09,5,1,31119334,-33460072,1
INTERNAL,ID783195,21896459.69,14215132.6,EQ,1,3,1,0.5959,2031-07-28,4,2,2438179,-27790072,3
INTERNAL,ID404896,7471931.26,10947306.42,HTM,2,1,2,0.3398,2034-08-03,6,2,6020958,-4322375,3
ISIN,ID131397,19277193.16,43143789.84,HTM,1,1,2,0.109,2030-11-28,4,2,30460376,28337893,2
INTERNAL,ID334828,2513756.86,20502885.31,EQ,2,9,2,0.7246,2028-08-21,2,1,13347643,-13355297,3
SEDOL,ID844778,6146464.27,42364790.69,HTM,1,5,4,0.108,2030-01-25,3,2,20780656,43346481,2
CUSIP,ID290179,46471787.03,1130136.38,EQ,1,6,5,0.5797,2028-03-26,3,1,-39790166,36952983,2
INTERNAL,ID668489,12125523.2,28085235.59,EQ,1,10,2,0.9345,2027-06-18,2,2,-22370447,-40869714,1
SEDOL,ID976285,7882425.03,30334798.63,EQ,1,8,3,0.0355,2029-06-09,3,1,38178177,-6796378,2
CUSIP,ID712295,26220397.75,47422882.47,EQ,1,8,2,0.8197,2034-05-31,4,1,24720794,17968875,3
SEDOL,ID745329,6601554.95,24728049.4,EQ,2,4,3,0.2369,2028-02-09,2,1,-4650304,37882143,3
INTERNAL,ID158701,47048828.3,40878677.61,EQ,1,2,4,0.2591,2026-06-16,2,2,3566532,-33621846,1
INTERNAL,ID336774,35766139.37,9982691.52,HTM,2,9,4,0.3647,2026-06-11,2,1,26690050,49303735,1
CUSIP,ID740448,48770810.99,21746908.15,HTM,1,8,5,0.7605,2028-07-05,4,2,-20767783,-37552957,2
SEDOL,ID679787,31038835.72,4060784.62,AFS,2,7,2,0.2857,2034-07-25,5,1,46240316,-15631633,2
CUSIP,ID881338,41510212.86,3124071.19,HTM,1,10,5,0.7249,2032-04-27,1,1,-3027069,37942003,1
CUSIP,ID275300,45273141.67,19787943.42,HTM,2,4,5,0.4528,2028-01-11,1,2,13555315,49559384,3
CUSIP,ID516945,49566878.49,3295676.26,AFS,1,5,1,0.5842,2027-02-18,4,1,47774526,-27232237,1
SEDOL,ID886372,38384713.86,8133992.8,AFS,2,6,1,0.6156,2032-11-04,1,2,26991687,32026310,3
SEDOL,ID150408,33062598.22,36965379.61,EQ,2,11,5,0.1942,2030-11-28,5,1,-4377677,45180229,2
INTERNAL,ID292974,13979673.66,42261074.59,EQ,2,11,2,0.8616,2025-06-12,2,2,-27633854,-34433007,2
INTERNAL,ID884068,41040953.41,38978816.59,HTM,1,11,1,0.5682,2029-10-29,2,1,-33485875,-21599302,2
SEDOL,ID152435,2264558.84,4226980.32,HTM,2,5,1,0.6877,2031-12-06,6,1,-26534958,2256477,2
CUSIP,ID102422,20794464.87,26958103.65,AFS,1,11,1,0.967,2033-05-29,4,1,38779305,-3615472,1
CUSIP,ID924518,3583367.74,18700771.19,HTM,2,7,1,0.6787,2034-05-26,1,1,-34827830,40607910,1
INTERNAL,ID867401,29156438.95,11972794.71,AFS,2,3,5,0.3871,2030-09-14,3,1,1280701,17452101,2
ISIN,ID201415,40651873.06,47263250.18,AFS,2,4,3,0.8606,2025-10-16,5,2,-24169692,28858172,1
ISIN,ID582381,14914887.9,10941569.11,EQ,2,6,3,0.1187,2025-04-26,4,2,-22434863,38436041,3
INTERNAL,ID150912,29903341.36,42455221.58,HTM,1,5,4,0.2409,2033-04-26,3,1,13273937,-43166049,3
CUSIP,ID761960,5038301.34,32041910.01,EQ,2,9,4,0.7694,2031-01-24,2,1,-23792379,301140,1
ISIN,ID726094,24198559.28,20476914.79,AFS,2,1,3,0.4321,2030-01-20,4,2,46443213,15367880,2
ISIN,ID873111,45832588.52,30866612.47,HTM,1,3,5,0.6847,2033-09-06,5,2,33809257,34005148,1
CUSIP,ID390978,34681985.12,3909651.44,HTM,2,11,2,0.3885,2026-02-27,4,1,-47486320,-22100890,1
INTERNAL,ID215380,13079021.76,35022756.94,HTM,2,7,2,0.3655,2035-02-18,3,1,-26120483,26845224,1
CUSIP,ID702216,1246520.87,37760516.52,AFS,2,11,5,0.4359,2027-03-23,4,1,4049726,-13033980,2
SEDOL,ID724062,37261198.2,12938265.02,AFS,2,9,3,0.5672,2029-11-23,2,1,46795644,29769132,3
SEDOL,ID615006,42597437.23,24388876.78,HTM,2,11,3,0.2369,2025-12-31,6,2,11035895,-20734422,3
ISIN,ID761244,42455449.22,4255678.26,HTM,1,10,5,0.8656,2032-12-21,6,2,-23753282,-41750612,2
CUSIP,ID908747,48728430.65,32449634.35,HTM,2,10,3,0.5128,2029-08-21,3,1,-23514769,-48732977,2
CUSIP,ID622309,22073368.49,21748578.34,HTM,2,9,1,0.7681,2033-01-12,2,1,42150615,-2145245,2
SEDOL,ID452427,32949271.94,44812202.15,AFS,1,5,2,0.7828,2032-01-02,4,1,-23960227,-39665830,3
SEDOL,ID456568,12030094.41,49482151.83,AFS,2,2,1,0.274,2032-09-10,2,2,-2913659,49194926,2
CUSIP,ID294490,9311517.46,15307247.66,AFS,1,3,4,0.4974,2030-12-04,2,1,47943511,5876139,3
INTERNAL,ID429255,1089981.67,19583259.24,EQ,1,5,3,0.5513,2026-05-03,3,2,-460571,-38997404,1
CUSIP,ID551017,49197506.48,45841229.42,EQ,1,11,5,0.4122,2031-08-19,4,1,22289361,47658566,2
SEDOL,ID137200,48710548.49,7126662.61,AFS,1,8,1,0.0113,2026-05-05,4,2,25804413,22682673,3
INTERNAL,ID739820,27545325.52,15373702.08,EQ,2,9,2,0.5079,2031-11-20,4,1,33862919,13064221,1
CUSIP,ID613045,38549507.97,26907021.41,HTM,2,5,1,0.2919,2029-04-04,6,1,30946340,-2187314,2
CUSIP,ID591584,40137972.87,22274383.63,EQ,2,6,5,0.6402,2027-07-30,2,1,-34391222,-6056379,1
CUSIP,ID642864,5337434.79,47711970.67,HTM,1,3,1,0.3587,2028-12-13,2,2,43943191,18839544,1
SEDOL,ID843169,14505907.93,30223955.34,EQ,2,6,3,0.873,2027-06-27,1,1,42354477,-46368231,1
CUSIP,ID907729,15528143.4,17458101.98,AFS,2,6,2,0.2455,2034-02-01,1,2,31581459,-21021844,2
INTERNAL,ID751145,28398846.15,8559216.49,HTM,2,7,1,0.1199,2030-09-27,4,1,-30122192,36730086,1
INTERNAL,ID442221,7579916.92,11037106.32,AFS,2,11,3,0.1009,2028-03-01,2,1,-24217079,5665577,1
SEDOL,ID235136,44350224.62,2133370.59,HTM,2,5,2,0.578,2031-10-04,4,2,14395256,44964719,3
CUSIP,ID890462,11044106.44,33275991.19,AFS,1,11,2,0.3125,2029-12-11,3,1,-29024005,47915019,1
ISIN,ID519045,11681033.17,3634829.87,HTM,2,5,3,0.29,2032-07-22,6,2,45205698,30177596,1
INTERNAL,ID453987,20899435.97,46000802.85,AFS,1,6,3,0.318,2026-04-30,4,1,17248142,-18341407,3
ISIN,ID823272,16420767.52,31828549.62,AFS,1,11,5,0.2785,2032-07-06,5,2,32200304,33227042,3
SEDOL,ID991986,15400940.39,48955015.46,HTM,1,2,1,0.1265,2031-12-24,2,1,11764537,-12215396,2
INTERNAL,ID118866,33798878.63,30123401.83,AFS,2,9,2,0.9244,2027-06-12,1,1,-29274576,-3809627,2
SEDOL,ID557886,35442936.57,18905767.54,EQ,1,6,4,0.235,2033-10-29,5,2,49813186,24062088,1
CUSIP,ID840807,30023605.26,31199822.56,EQ,2,5,5,0.8232,2031-09-29,3,1,23741898,-24691992,3
INTERNAL,ID699140,39455318.57,26909163.65,HTM,1,7,5,0.2816,2033-07-17,4,2,-41886466,-2493436,3
INTERNAL,ID986635,17900559.6,36563402.75,AFS,2,9,3,0.6708,2033-08-27,3,1,-9418197,-31720611,3
SEDOL,ID213694,10969519.07,12693613.07,AFS,2,6,4,0.046,2026-06-01,6,2,-41370070,-18208989,2
INTERNAL,ID139096,12385228.42,3059716.66,EQ,2,6,2,0.3551,2030-03-24,1,2,27814495,-2987605,3
ISIN,ID944061,43590868.07,44948532.36,HTM,1,10,3,0.4281,2029-07-22,1,1,6547390,-12287168,3
CUSIP,ID902773,38591998.15,27359596.12,HTM,1,5,5,0.424,2029-07-23,2,2,-21850428,-37029970,1
ISIN,ID344971,9090454.24,17435040.49,HTM,2,4,3,0.4226,2031-06-21,5,2,-18416758,32167328,1
INTERNAL,ID711435,9184279.92,30936464.13,EQ,1,7,2,0.3372,2033-11-13,4,1,-27252186,1624501,2
INTERNAL,ID869743,12839763.79,13342380.69,AFS,2,11,1,0.1069,2026-04-20,5,1,28301481,4908202,1
ISIN,ID481916,33907329.5,4452343.19,EQ,1,9,3,0.8657,2033-06-14,5,2,-20396814,21778783,3
SEDOL,ID438427,4987149.06,21371827.57,AFS,2,8,3,0.6071,2030-02-27,1,2,-7095435,-49635607,1
CUSIP,ID538834,11854621.94,18640140.04,AFS,1,8,5,0.2833,2033-03-01,3,1,41364493,32256780,1
INTERNAL,ID830403,7574298.91,49298765.37,HTM,1,2,3,0.577,2026-02-06,5,2,-19306890,-48419118,1
ISIN,ID136181,8458803.41,49514278.57,HTM,1,11,1,0.5881,2033-10-14,2,1,-16232039,42632701,1
INTERNAL,ID201228,5633774.13,31010506.76,EQ,2,6,3,0.8377,2030-04-23,5,2,3494490,-47529596,3
ISIN,ID121934,19284628.57,12108792.22,HTM,1,3,4,0.0673,2027-12-17,2,2,46241487,-49226076,3
INTERNAL,ID879646,21813774.89,2423142.5,HTM,1,5,4,0.2893,2029-04-26,2,2,-9007361,38075906,2
ISIN,ID331952,43608218.66,20959639.44,EQ,2,9,3,0.1786,2029-03-20,6,1,10665736,-22390796,1
ISIN,ID654991,46591244.23,39063408.25,HTM,1,2,4,0.1083,2031-12-23,5,2,27530906,-35166848,3
CUSIP,ID139103,18774920.66,9831573.53,HTM,1,11,1,0.6471,2034-03-21,3,2,2803358,-13399358,3
INTERNAL,ID298815,4034413.75,8639198.01,HTM,2,7,2,0.0157,2026-10-29,1,1,38228068,23654236,1
CUSIP,ID608133,44754243.78,25706169.3,AFS,1,2,1,0.4264,2029-11-13,5,1,48803131,24309353,2
ISIN,ID817703,5472354.33,19620521.57,HTM,2,11,1,0.7427,2034-12-16,6,1,17779764,32761470,2
INTERNAL,ID123882,25849561.66,3751798.85,EQ,1,2,5,0.8489,2027-05-02,4,2,25667066,-9515745,3
INTERNAL,ID592197,10852733.25,41344864.89,AFS,1,9,1,0.253,2027-06-04,3,1,24406949,-41376949,1
SEDOL,ID196991,11123924.23,31838015.44,AFS,2,10,5,0.7768,2025-06-09,3,1,1617855,28293535,2
SEDOL,ID220434,25733960.82,27813354.98,AFS,2,11,3,0.213,2025-11-01,2,2,-15923238,-14468824,3
SEDOL,ID123676,28793661.75,18016380.44,EQ,2,10,4,0.2653,2031-11-09,6,1,-3529527,33987909,1
ISIN,ID126978,7169883.76,46399094.2,AFS,1,3,4,0.1308,2026-10-21,5,1,-3302490,-43649493,2
INTERNAL,ID413973,2121481.36,19751982.8,AFS,2,2,5,0.0645,2030-08-23,3,1,-4923450,-43833373,3
INTERNAL,ID526377,3279444.48,46931351.68,HTM,2,8,2,0.7568,2025-07-11,4,2,-19912056,-2010959,2
INTERNAL,ID967116,17425428.8,12184651.78,HTM,2,1,2,0.3161,2034-10-30,2,2,-34053604,-24907933,2
SEDOL,ID733777,42370435.75,18237383.53,EQ,2,4,2,0.9076,2031-08-29,2,2,28924261,11981277,1
INTERNAL,ID806025,4147180.39,36594697.13,HTM,1,7,3,0.269,2030-09-18,5,2,49004816,49471401,1
ISIN,ID189445,28917359.13,14043445.69,AFS,2,3,5,0.9813,2028-04-23,4,1,28762530,37469635,3
SEDOL,ID757676,21864569.99,33643735.85,HTM,1,9,3,0.4566,2030-11-15,6,1,3813564,-16454855,2
ISIN,ID402030,1362900.93,26058756.92,EQ,2,5,3,0.8491,2031-10-22,2,2,-22398755,-48905261,3
SEDOL,ID571440,27656929.21,45351529.58,AFS,2,6,2,0.6982,2026-07-17,6,2,10033417,3007612,1
ISIN,ID944154,43506049.1,32150624.9,EQ,2,4,4,0.8018,2034-04-19,5,2,-49215094,-16842087,2
INTERNAL,ID463181,34866231.61,21959266.37,HTM,1,11,3,0.8028,2034-09-21,1,1,-17605603,21441496,1
CUSIP,ID987066,33195022.63,9997586.31,HTM,2,3,2,0.724,2028-02-13,4,2,26655494,-6332500,3
SEDOL,ID663574,23786999.46,16398549.06,EQ,1,4,2,0.9654,2026-08-21,6,2,-47617164,-11207240,3
ISIN,ID518109,34673338.64,16811162.04,AFS,2,2,5,0.0019,2027-06-17,1,2,-36355314,49984583,1
ISIN,ID253763,32681262.32,23466124.67,EQ,2,11,4,0.1358,2035-02-14,4,2,48258547,25557944,1
ISIN,ID711907,30852645.96,48286940.98,HTM,1,1,1,0.5416,2025-10-29,2,1,31517736,9882679,1
CUSIP,ID817214,22782712.15,46290117.31,EQ,2,2,3,0.6367,2029-09-25,5,2,45694636,-11055918,1
INTERNAL,ID478834,36718043.74,33284089.6,HTM,1,5,3,0.8048,2029-07-25,1,2,3019781,-23085580,3
ISIN,ID167252,24768082.01,32700521.21,HTM,1,5,1,0.7727,2030-09-12,3,1,42209251,-48299625,1
INTERNAL,ID189660,28500085.54,47918415.16,AFS,1,5,2,0.7496,2029-05-07,5,2,-30634064,-32959057,3
ISIN,ID568054,14121971.71,15601789.64,EQ,1,9,4,0.2235,2031-02-23,3,1,2127402,-19675455,3
CUSIP,ID683164,41510752.0,40137552.12,HTM,1,10,3,0.8728,2032-07-20,6,2,-29790287,24914348,3
INTERNAL,ID817200,33359321.94,40373325.59,HTM,2,10,2,0.618,2031-07-27,5,2,-27174811,-34429081,3
ISIN,ID699998,25753385.55,49436960.66,AFS,2,7,4,0.1413,2032-09-23,4,1,37331807,36182093,1
SEDOL,ID609036,8744055.4,4118965.88,HTM,1,8,2,0.3651,2029-03-06,4,1,9321074,42331295,2
ISIN,ID562281,15998814.2,37557316.75,HTM,2,9,3,0.3156,2030-09-06,4,1,-5043318,1494877,1
SEDOL,ID544121,44326356.51,18941788.07,AFS,1,8,5,0.8727,2025-11-07,1,2,-39064372,-47968,2
CUSIP,ID392168,40633639.4,44459875.38,EQ,2,3,5,0.7518,2025-11-17,6,1,-7520442,-21427220,3
SEDOL,ID169725,43708283.26,47714785.54,EQ,1,2,3,0.7312,2029-12-19,1,1,-49928975,12354819,1
CUSIP,ID315398,9135053.68,39664156.77,AFS,2,7,5,0.633,2030-05-13,6,1,-398038,27117215,3
SEDOL,ID236530,18237345.11,41777735.99,EQ,2,10,3,0.5169,2033-04-21,5,2,-46661392,32125821,2
SEDOL,ID283871,44133973.24,32506700.61,AFS,1,5,1,0.8238,2033-05-08,5,1,5231439,21260148,1
CUSIP,ID259455,42636739.15,11809633.04,AFS,1,3,5,0.1596,2032-08-15,3,2,21400063,-44246323,1
ISIN,ID577247,14617498.3,7943772.86,EQ,1,11,3,0.8503,2029-08-09,1,2,18721989,41267373,1
CUSIP,ID247806,9276313.14,43935544.01,EQ,1,3,2,0.6006,2027-12-12,2,2,8411369,-25072439,2
SEDOL,ID584083,26954645.51,34907386.43,HTM,1,5,3,0.8369,2034-02-08,6,1,-3020700,-44781389,3
CUSIP,ID112196,38213506.73,33672379.26,EQ,2,5,4,0.0766,2029-08-28,1,1,-38535115,-17705003,1
ISIN,ID710637,40894713.51,16967095.28,AFS,1,2,2,0.7675,2026-06-26,2,1,14439630,40271916,1
INTERNAL,ID501847,49806005.69,1552063.56,AFS,1,2,2,0.1168,2028-05-18,1,1,-23548603,803069,1
ISIN,ID800171,39382995.77,38885454.68,AFS,1,3,2,0.9171,2035-02-08,5,2,24591760,-21728069,3
CUSIP,ID952351,24737156.82,34739158.43,EQ,1,6,4,0.4261,2035-02-13,1,1,39663481,-39004268,1
ISIN,ID662561,20000725.72,18044572.88,EQ,1,9,1,0.0967,2034-01-11,4,1,-14958604,-4742602,3
ISIN,ID731233,26332508.96,15127277.39,HTM,2,3,1,0.6161,2027-03-21,3,1,17724247,-35438219,1
CUSIP,ID508255,14953988.66,35364386.49,AFS,1,5,2,0.7885,2032-06-09,4,1,-36891469,7057784,1
ISIN,ID240467,17968559.79,29802933.92,HTM,1,3,5,0.3941,2031-09-23,6,2,-43723761,34666341,3
ISIN,ID294641,42664937.3,14885397.58,HTM,2,1,2,0.0348,2033-11-09,4,2,16452687,-48281399,2
SEDOL,ID618703,16241842.82,3361840.3,AFS,2,4,5,0.3769,2031-06-11,4,1,14045682,49104889,3
SEDOL,ID595187,48713269.9,8182718.45,HTM,1,11,5,0.5759,2031-10-18,3,2,-40281345,29668394,2
CUSIP,ID633363,20883413.72,23527192.53,HTM,2,1,4,0.2174,2025-09-12,2,2,-38913377,21588908,2
INTERNAL,ID626231,31736130.65,37825364.19,HTM,1,5,3,0.6186,2028-03-25,1,1,-37399714,-28895372,3
CUSIP,ID263753,22227113.39,1111623.44,EQ,2,10,1,0.0013,2025-05-07,2,1,39221338,1947217,3
CUSIP,ID966606,40602399.99,25906660.91,HTM,1,9,2,0.1373,2028-06-23,1,2,18286805,-41667862,2
SEDOL,ID469190,1704284.73,15494919.32,AFS,1,4,5,0.2106,2025-04-25,4,2,-18774340,38085280,3
ISIN,ID451450,9039154.42,49091804.93,EQ,2,1,4,0.6351,2028-06-23,6,1,15565743,4819523,2
INTERNAL,ID534154,46421736.97,37034011.16,EQ,2,7,5,0.4687,2026-04-26,2,2,-21398927,-33506769,3
INTERNAL,ID963764,41824860.57,9010942.57,HTM,1,7,1,0.0055,2032-09-16,2,2,-3459558,-5404887,2
SEDOL,ID980255,30268752.54,49594584.61,HTM,1,4,5,0.3408,2029-01-05,6,2,-42808326,-31674006,1
SEDOL,ID148874,4106531.01,5491624.51,AFS,2,4,4,0.0644,2034-03-31,5,1,-21005380,-4339389,1
ISIN,ID945009,4994563.83,42709034.23,EQ,1,2,3,0.9516,2033-07-09,1,1,-8432617,-2618396,3
CUSIP,ID312703,38181672.94,7933800.08,EQ,2,7,3,0.5351,2029-06-26,4,2,-27419059,-26535816,1
INTERNAL,ID263558,28517436.92,34874097.07,HTM,2,1,2,0.6875,2034-12-13,6,2,-14521155,20900057,1
CUSIP,ID185966,12303122.88,7301800.48,HTM,2,7,3,0.5192,2032-09-12,4,1,20950240,27296840,3
CUSIP,ID439991,19602169.89,45385735.63,EQ,1,11,2,0.7441,2031-01-31,5,2,-20717326,-36389472,3
INTERNAL,ID897302,26311590.58,27974401.9,HTM,2,11,1,0.1483,2033-04-27,1,2,23662618,3327583,1
INTERNAL,ID214773,5813834.1,38379108.08,AFS,2,3,1,0.6684,2026-04-16,4,1,9485742,7688414,1
INTERNAL,ID560422,29016329.83,18427599.17,EQ,1,3,1,0.8995,2026-12-19,3,2,11079236,11103771,3
INTERNAL,ID857158,18284129.3,33714318.91,HTM,2,4,3,0.5366,2025-08-06,4,2,37473673,-12142534,3
ISIN,ID574794,5860223.45,9888366.41,HTM,2,8,5,0.8194,2029-03-17,4,2,-2180313,-47724146,3
SEDOL,ID853994,40541231.8,22642886.05,HTM,2,3,1,0.7319,2029-02-28,4,2,23653842,12113836,1
ISIN,ID579716,11559613.51,14992028.22,HTM,2,6,2,0.585,2028-04-11,3,1,-16265363,42690605,2
INTERNAL,ID489108,21934737.73,9316360.06,HTM,2,9,5,0.3057,2032-02-12,5,1,18278403,-37781043,1
ISIN,ID154887,2793745.62,28701710.48,EQ,2,1,2,0.8859,2028-03-19,5,1,-5006668,42392559,3
CUSIP,ID139468,1605625.23,2840816.62,EQ,2,9,4,0.177,2030-10-25,6,1,18347412,28828426,3
ISIN,ID685290,2553752.35,36738579.36,HTM,2,4,4,0.1228,2027-03-14,5,2,-27505641,-12795164,2
ISIN,ID151275,19646396.25,44970604.12,HTM,2,4,4,0.0719,2028-08-04,5,2,18137239,-30005260,1
ISIN,ID466726,17266063.58,48164741.32,EQ,2,1,1,0.0919,2032-03-29,4,2,6847857,28919112,2
SEDOL,ID395869,42699022.14,28648576.04,HTM,2,4,1,0.8047,2026-06-26,1,2,32141722,35008623,3
SEDOL,ID724877,38791323.81,44256808.59,HTM,1,6,5,0.9164,2027-08-04,4,1,46309294,-40493359,3
CUSIP,ID195347,26181021.3,9460819.68,AFS,1,8,4,0.8499,2026-03-22,1,2,-44855915,-18447953,1
CUSIP,ID665101,2333841.96,40949723.1,AFS,2,11,3,0.1767,2032-03-26,1,1,-34980928,4561109,1
CUSIP,ID882869,44513836.81,44898662.38,HTM,2,9,3,0.6933,2027-10-01,6,1,26140987,-19672513,1
CUSIP,ID930078,18040598.92,11810670.44,EQ,1,1,4,0.9504,2028-04-28,2,1,12403550,-9070332,1
CUSIP,ID805492,46930638.81,26716253.78,HTM,1,9,3,0.8775,2027-07-02,6,2,-33010741,4117030,2
CUSIP,ID376926,9564841.9,23818600.46,AFS,2,8,2,0.398,2026-09-01,1,2,-39353226,39191256,3
SEDOL,ID661430,6793890.68,23228741.73,HTM,2,8,1,0.1622,2028-05-14,6,1,-16313281,-5064391,2
CUSIP,ID193769,42158915.13,45889445.08,AFS,2,1,1,0.3737,2030-11-21,6,2,-41484624,34752357,2
INTERNAL,ID918672,45465929.53,16613145.14,AFS,2,10,3,0.8838,2026-11-17,2,1,44235175,-3153375,1
ISIN,ID644130,32965467.41,13032073.55,EQ,2,3,4,0.2414,2026-10-06,3,2,-42361913,24412344,3
ISIN,ID584317,14852512.43,16339808.32,HTM,1,9,4,0.3028,2031-08-29,6,2,37857700,-49696298,1
ISIN,ID329397,4726599.07,1053339.96,AFS,1,9,4,0.7534,2029-12-10,6,2,-24176392,-9183755,2
CUSIP,ID317473,41256483.99,43532958.04,HTM,1,1,2,0.3534,2028-05-12,1,2,48493966,8889205,3
INTERNAL,ID101372,21559652.21,11253704.72,AFS,1,8,5,0.7039,2032-05-25,4,2,-49357528,4477010,1
INTERNAL,ID421918,30059652.79,47646164.08,HTM,2,9,1,0.8188,2025-07-07,4,1,16708887,14571229,3
CUSIP,ID276871,45699286.11,18395224.9,AFS,1,7,1,0.3333,2028-02-14,1,2,-45486302,13161535,2
INTERNAL,ID418525,20375486.77,1823963.31,HTM,2,8,1,0.603,2030-03-23,6,1,8496378,-48687626,3
ISIN,ID285604,32354954.32,45752970.76,EQ,2,3,3,0.8833,2033-05-22,6,1,-31985111,49412935,3
CUSIP,ID494665,2491249.22,42365452.38,HTM,1,8,4,0.8743,2028-01-08,2,1,26636727,24864066,1
CUSIP,ID285032,29258676.61,14556228.25,EQ,1,4,2,0.4541,2025-09-04,5,2,22900240,27095703,3
SEDOL,ID680160,20365523.91,35249402.73,HTM,1,11,4,0.1756,2033-01-23,4,2,-30362022,-14935337,2
SEDOL,ID991612,42103768.31,11096858.88,EQ,1,6,2,0.5265,2028-09-20,1,1,7632764,-11351414,2
CUSIP,ID964530,6852438.64,46814907.06,EQ,2,11,5,0.4789,2032-12-13,1,1,2740002,-7749334,3
CUSIP,ID437377,34833112.76,28091608.27,EQ,2,5,1,0.8368,2033-09-25,3,2,46030069,20297011,1
CUSIP,ID543465,5102813.31,21340891.99,EQ,1,9,3,0.976,2030-02-05,4,2,27312851,-7662946,1
CUSIP,ID213792,30315378.51,46602466.6,EQ,2,3,2,0.9803,2031-12-02,1,1,-15013699,-30835041,2
INTERNAL,ID544709,29652560.17,39954571.86,HTM,1,7,5,0.2647,2034-08-28,6,2,-8004676,-3553446,2
CUSIP,ID260285,22182072.78,35701374.84,HTM,2,2,5,0.062,2033-04-17,6,1,-49912875,-17971832,2
ISIN,ID393807,32162546.46,32379329.06,AFS,2,4,3,0.9412,2032-09-03,1,2,48657472,-18443418,2
SEDOL,ID736664,31999894.99,3296532.42,HTM,2,10,5,0.7242,2030-08-05,3,1,23871862,-43964306,1
CUSIP,ID488214,16850751.12,9872706.53,EQ,2,5,1,0.2541,2033-10-24,2,2,17672673,49462316,3
INTERNAL,ID426303,31303847.56,3470122.46,HTM,2,1,3,0.66,2030-09-06,3,1,38221580,41052404,3
INTERNAL,ID717145,6545109.95,39636071.08,AFS,1,6,2,0.3371,2033-03-14,6,1,-6375436,-33668096,1
ISIN,ID289105,14312449.26,47163349.84,EQ,2,2,3,0.9823,2028-02-20,4,1,-7927215,-9434917,3
ISIN,ID988674,37929736.85,42204086.44,EQ,1,2,3,0.7479,2032-02-15,4,2,-34867759,45999336,2
SEDOL,ID755551,1619142.86,10254456.18,AFS,1,3,4,0.7196,2025-11-05,2,2,-923831,43236022,2
ISIN,ID942754,10751168.68,6446168.42,HTM,2,11,3,0.6366,2031-10-25,3,2,45945834,-14557532,2
SEDOL,ID383273,29066155.59,38346816.8,EQ,1,4,3,0.8094,2030-04-03,1,2,35505504,-12722425,3
ISIN,ID399328,43954912.38,29899045.99,AFS,1,7,1,0.7823,2027-10-19,1,1,43485393,22045512,1
ISIN,ID427500,17284684.52,22291326.57,EQ,2,7,2,0.8583,2028-05-03,2,2,7574556,-40759783,2
ISIN,ID252037,39550326.62,36286737.82,AFS,2,4,1,0.2994,2034-06-27,5,2,-38649341,-1644905,1
SEDOL,ID545308,19540853.57,35884757.91,AFS,2,6,1,0.9837,2028-12-21,6,1,-4038769,-700506,2
INTERNAL,ID186056,12749040.87,23433827.48,HTM,2,4,4,0.2812,2027-09-18,4,2,39771982,12701076,2
INTERNAL,ID814564,22648922.03,40899655.26,EQ,1,8,4,0.8248,2031-01-06,4,1,22599196,1707243,1
CUSIP,ID427177,44306598.04,4113326.32,EQ,1,10,5,0.4083,2031-04-03,1,1,-11329698,-30022679,1
INTERNAL,ID789546,39003795.43,49983029.43,AFS,2,2,5,0.1309,2029-05-11,2,2,-45856411,-39295237,2
SEDOL,ID850205,12227674.31,17514119.3,HTM,2,9,1,0.7194,2033-09-06,6,1,41441998,23388751,3
CUSIP,ID133128,25701673.26,19299739.6,HTM,1,1,5,0.3214,2033-02-24,6,1,-19754500,-29141377,2
INTERNAL,ID900989,25318027.56,31992819.88,EQ,2,10,2,0.8766,2030-02-05,1,2,-8867422,30055435,3
INTERNAL,ID349118,39876687.07,39695803.75,HTM,1,4,5,0.081,2031-01-09,1,2,7904214,34984762,2
ISIN,ID686067,18821086.77,40968327.11,EQ,2,11,3,0.8973,2033-04-20,2,1,-27882497,-37619839,1
ISIN,ID871757,19033753.25,40313108.79,EQ,2,3,4,0.6533,2034-11-17,2,2,35752634,39882383,2
ISIN,ID255821,29521921.6,25229220.25,AFS,1,1,3,0.0889,2027-07-17,3,2,-9708130,-6175793,3
CUSIP,ID850780,2691566.14,17481804.33,HTM,2,5,1,0.9207,2030-08-02,1,1,31387570,40342651,3
CUSIP,ID947999,8316540.26,35960289.45,AFS,2,5,1,0.835,2028-06-03,1,2,-6396919,-39839946,2
SEDOL,ID799390,16826139.11,3566869.29,HTM,1,9,5,0.2045,2030-11-11,6,2,38587042,-48052431,1
CUSIP,ID196208,48284798.66,30594007.88,AFS,2,1,2,0.3221,2030-07-15,5,2,22356991,-36563894,2
ISIN,ID182192,37715543.19,35995157.68,EQ,1,8,2,0.1618,2032-01-01,2,2,-3748069,37541399,3
CUSIP,ID316451,45276859.79,40678533.76,EQ,1,4,5,0.4906,2025-06-23,5,1,47291184,-5409152,2
ISIN,ID883434,7485749.93,41899313.99,HTM,1,9,4,0.303,2034-01-10,2,2,-40558521,14057533,2
INTERNAL,ID726426,21888944.55,1294944.25,HTM,1,11,4,0.2819,2034-10-24,1,2,27812084,-43932093,1
CUSIP,ID592801,45268987.09,34871917.73,EQ,2,8,3,0.8276,2029-09-30,5,1,-14706908,-41453419,3
INTERNAL,ID119520,10831997.17,48184551.21,AFS,1,10,1,0.569,2034-04-07,4,2,-10306987,-42332961,3
ISIN,ID497846,4548460.43,4218034.22,AFS,2,6,3,0.5761,2027-08-03,5,2,42974583,18180410,3
CUSIP,ID372379,15687543.99,46471455.68,AFS,2,6,2,0.7375,2033-10-13,5,2,-10559862,10677768,2
SEDOL,ID842026,47394411.12,42520861.39,AFS,1,11,4,0.8825,2032-11-14,6,2,-14646824,19597053,1
INTERNAL,ID916416,24591490.66,7072154.48,HTM,1,3,4,0.6048,2031-02-05,4,1,36071534,28254114,3
INTERNAL,ID761319,2444770.21,25408502.49,EQ,2,7,3,0.3279,2030-07-23,2,2,-1044249,-38854977,2
INTERNAL,ID606871,10392288.47,37248798.3,AFS,2,1,3,0.3197,2027-06-14,5,2,-12278614,-10211267,3
ISIN,ID428643,18557063.6,15021248.47,AFS,2,3,5,0.63,2034-10-05,2,2,44201149,34645516,1
SEDOL,ID202742,16163864.38,9528148.07,EQ,2,8,5,0.8478,2032-04-29,2,2,-1854657,-6052701,3
INTERNAL,ID780426,48558370.35,42856034.17,AFS,2,1,1,0.6056,2030-01-11,2,2,21513566,28348420,1
ISIN,ID217619,27583377.87,8092731.35,HTM,2,6,4,0.3475,2034-01-17,1,2,33347682,-14514594,2
ISIN,ID370105,16719325.76,3743185.15,HTM,1,11,1,0.6097,2034-03-24,6,2,8843375,-39911896,1
INTERNAL,ID884109,31046655.38,42744469.78,AFS,1,3,5,0.8524,2031-12-13,3,1,18730939,-35690586,3
INTERNAL,ID826752,29510986.81,26904245.79,HTM,1,5,5,0.1866,2032-06-20,4,2,26534022,-45392441,3
ISIN,ID492770,21435967.37,23055437.96,EQ,1,6,4,0.0491,2031-09-07,4,1,-47416662,44479278,1
CUSIP,ID841720,2735910.63,20347734.4,HTM,2,8,1,0.7736,2029-03-02,2,1,34825318,5529870,3
INTERNAL,ID886188,37470869.23,32052151.81,HTM,2,10,3,0.0045,2033-01-25,2,1,-14535635,30869734,3
SEDOL,ID538208,39653474.82,48315294.57,AFS,1,4,2,0.7591,2031-03-29,4,2,28093208,-4589144,1
ISIN,ID552260,46062216.67,43121460.57,EQ,2,8,4,0.1853,2031-01-10,3,2,39513812,-21919005,3
INTERNAL,ID649322,20306602.2,40453691.66,HTM,2,9,2,0.939,2033-09-29,1,2,-2474453,42146295,1
CUSIP,ID416254,26773142.63,49074072.82,HTM,2,11,2,0.0231,2029-08-16,1,2,-10259871,20832384,3
ISIN,ID326155,47448335.52,10976941.75,EQ,1,3,2,0.774,2031-11-18,5,1,28057540,-11032073,3
CUSIP,ID577612,19357201.96,41326925.45,HTM,1,8,3,0.6583,2027-06-25,1,1,19505621,-37729976,2
ISIN,ID411815,11428789.74,26451375.68,EQ,1,9,2,0.7851,2030-08-27,1,1,17805462,-43493025,1
INTERNAL,ID414064,5303423.49,3846369.38,EQ,2,1,4,0.6568,2027-02-14,3,2,14880416,38255965,3
INTERNAL,ID835749,23696879.47,14811194.5,HTM,2,4,4,0.9358,2026-06-06,3,1,-44422861,22923311,3
SEDOL,ID892840,34982199.66,37260541.07,EQ,2,7,2,0.3913,2026-10-10,1,2,-44609774,36896035,3
INTERNAL,ID925345,27133907.15,2181142.46,HTM,1,1,4,0.3176,2027-05-09,2,2,-20643085,-6560103,2
SEDOL,ID803124,15660010.82,46687054.09,HTM,1,3,4,0.7487,2030-04-07,2,2,-41631761,46333927,2
ISIN,ID700261,27138259.05,41564278.31,EQ,1,6,4,0.5073,2034-10-15,3,1,-15413918,-32068364,1
SEDOL,ID897038,28908337.39,47651508.73,HTM,1,10,4,0.0436,2029-03-14,4,2,-22013371,-22936230,2
SEDOL,ID740257,49090010.95,14674925.26,EQ,1,8,1,0.3009,2025-06-29,2,2,-27596809,-42198910,3
CUSIP,ID563897,22851246.51,39620346.68,EQ,1,9,5,0.9182,2027-06-14,5,1,-27300040,8892404,2
ISIN,ID503163,4636910.83,25059860.61,HTM,1,11,2,0.5109,2027-11-11,3,2,28652438,-46309539,3
ISIN,ID465882,43493247.75,37788032.12,AFS,1,9,5,0.1337,2033-07-11,5,1,42967511,-9387400,1
ISIN,ID306721,42429473.4,28627987.08,AFS,2,8,2,0.1422,2034-12-18,3,1,-32253363,-23032486,1
SEDOL,ID687992,4940514.8,21957719.01,HTM,1,7,5,0.6859,2030-03-24,5,2,-6831654,27835492,3
SEDOL,ID449768,49659596.72,5514956.69,EQ,2,1,1,0.9082,2025-10-19,6,2,-37458228,-38664217,2
CUSIP,ID161279,9585710.96,46904927.6,EQ,1,7,5,0.6837,2029-07-24,4,2,-11308905,-44019173,2
ISIN,ID992851,40503847.85,46894874.41,EQ,2,1,4,0.509,2031-03-29,6,2,2226546,-39738442,2
CUSIP,ID954359,48514612.32,46103757.4,HTM,1,9,5,0.0928,2028-12-26,1,1,-37591652,13997314,2
ISIN,ID642980,36076243.1,8023277.92,AFS,1,2,1,0.264,2034-12-17,6,1,-23175158,-37958828,3
CUSIP,ID744536,17288121.01,12051508.17,EQ,1,6,4,0.9333,2033-03-28,1,1,22076859,-10507005,3
CUSIP,ID355528,49983845.95,14780558.48,HTM,1,1,1,0.1088,2031-10-15,6,1,-9282252,35165054,3
ISIN,ID300245,49908136.61,9530043.22,AFS,1,11,2,0.3632,2030-07-26,5,1,-47331411,-5196693,1
ISIN,ID474225,26628415.57,41643775.21,HTM,2,5,2,0.693,2027-05-14,6,2,-27620656,-19850995,2
SEDOL,ID542223,22191575.01,30770617.73,AFS,1,2,5,0.6548,2027-06-27,5,1,-2177193,18054442,2
CUSIP,ID922012,47020492.11,16829224.16,EQ,2,11,4,0.6105,2025-07-14,6,2,-482659,35363905,3
CUSIP,ID710891,32391182.65,41801008.54,EQ,2,11,4,0.6201,2032-10-29,1,1,-34756540,32491076,2
SEDOL,ID423782,6089864.85,39041503.54,EQ,2,10,5,0.8956,2025-07-24,3,2,6508296,-11584056,1
CUSIP,ID437376,19787742.37,21249101.75,AFS,1,7,2,0.3706,2030-05-09,5,2,1016041,36750648,1
CUSIP,ID791752,42020324.69,22723208.93,HTM,1,9,1,0.0607,2029-09-04,6,1,-45097102,19644339,1
CUSIP,ID672381,17211395.29,11528455.91,EQ,1,9,5,0.349,2031-12-19,3,1,26945865,9086832,1
ISIN,ID286498,7382992.19,36805989.06,HTM,1,5,5,0.7147,2027-04-25,3,2,-32116362,882847,2
CUSIP,ID960840,1123023.6,14281014.72,HTM,1,5,2,0.7067,2028-02-26,1,2,423063,-45419635,2
CUSIP,ID282886,43200799.49,14533612.15,EQ,1,8,4,0.7046,2033-03-15,1,2,-48999330,-41457390,2
CUSIP,ID347336,47828272.61,45861626.21,HTM,2,6,3,0.5086,2034-10-21,6,1,-14982128,-45483199,1
INTERNAL,ID225212,40944394.18,34420564.65,EQ,2,9,3,0.1622,2026-09-25,6,1,45050980,-34183312,3
CUSIP,ID328755,1606432.56,18214919.49,EQ,2,11,2,0.6478,2033-08-16,2,2,2595453,34355715,3
ISIN,ID194593,9413344.57,34404740.56,EQ,2,10,5,0.9316,2026-04-02,1,1,-39714918,-42076420,2
SEDOL,ID291169,47812265.64,16651166.24,AFS,2,3,1,0.4777,2028-11-11,6,1,-25430122,-22570435,2
CUSIP,ID499003,44225525.88,28005645.75,EQ,1,6,5,0.9408,2032-08-16,4,1,-35624862,-133880,2
INTERNAL,ID809170,16295574.9,31162485.0,EQ,1,2,5,0.2885,2031-10-22,3,1,-40933272,-18209877,2
CUSIP,ID900637,27821300.91,28135557.61,EQ,2,8,5,0.4288,2030-02-22,4,1,-34649113,10059372,2
ISIN,ID862927,33668286.91,13954195.65,AFS,2,7,1,0.7427,2034-02-19,6,2,580500,41699879,1
CUSIP,ID619667,24366536.34,10085377.93,AFS,1,1,3,0.4854,2030-12-28,2,1,10240044,-9967849,1
ISIN,ID269199,46192967.83,44893161.78,EQ,1,1,4,0.0241,2025-09-20,2,2,43259850,33710427,2
SEDOL,ID783238,19775507.6,11341110.23,EQ,2,11,1,0.2649,2032-05-28,2,1,12059244,-45592463,1
INTERNAL,ID306087,49369916.64,27049276.38,AFS,1,11,1,0.501,2032-05-15,1,1,-44509582,-33389204,1
CUSIP,ID303228,32962338.93,36913576.31,HTM,2,7,4,0.33,2031-10-02,1,2,2056277,-13023840,1
SEDOL,ID131222,37913243.15,41459301.36,HTM,1,5,1,0.8416,2032-12-24,1,1,14624803,-32707882,3
INTERNAL,ID442497,47061337.61,26821542.69,AFS,2,9,1,0.9775,2031-01-25,4,2,22369101,-17341328,2
INTERNAL,ID837427,26667995.09,25546591.39,AFS,1,6,4,0.6113,2030-01-05,6,2,4537223,9110426,2
CUSIP,ID290962,6620344.88,36229227.64,AFS,1,11,5,0.9948,2034-08-08,2,2,38287376,-2976583,2
INTERNAL,ID532822,41544058.16,48205624.86,EQ,1,2,2,0.072,2025-05-14,2,1,30939213,-46682138,1
ISIN,ID763356,43076916.95,41333177.77,HTM,1,9,3,0.9461,2030-01-23,4,1,49473952,48122282,1
ISIN,ID997203,24787291.47,19214440.92,AFS,1,3,1,0.7401,2029-08-10,6,1,-17594672,3563778,3
ISIN,ID415978,17191989.42,43944213.7,EQ,1,5,4,0.418,2025-06-08,3,1,-47419966,-36142773,2
CUSIP,ID267854,2595019.69,47400681.44,EQ,1,8,1,0.5046,2028-06-19,3,1,-33987920,10823937,3
SEDOL,ID225695,46941306.56,17078319.57,EQ,2,2,1,0.224,2030-11-19,5,2,-27700312,2364965,3
CUSIP,ID445443,23558510.66,36955817.41,AFS,2,5,4,0.4428,2028-04-07,5,1,9708003,-28661082,1
INTERNAL,ID939595,27088404.75,36199769.14,AFS,1,5,3,0.4341,2032-02-20,4,1,2299260,17781005,2
SEDOL,ID808572,31085673.48,17119484.87,EQ,2,9,3,0.6077,2030-06-14,5,2,29190394,-30619008,2
SEDOL,ID359008,45408524.35,8540327.97,HTM,1,7,5,0.9059,2034-02-13,1,1,-21261755,-24733869,3
SEDOL,ID170933,5790415.16,19146368.3,EQ,2,3,2,0.5489,2032-11-26,6,1,7053763,-272788,2
SEDOL,ID559537,24166937.25,10895249.61,EQ,2,5,5,0.336,2028-06-29,1,2,-5748862,26149148,2
SEDOL,ID552829,2404016.31,31675916.24,EQ,1,7,1,0.9817,2028-05-06,2,1,39466773,-8675023,1
SEDOL,ID531375,44313079.04,3537174.57,AFS,1,6,3,0.6289,2026-09-12,3,1,-23198,38791992,1
INTERNAL,ID556136,48712018.83,22149480.59,EQ,2,8,1,0.333,2032-06-12,4,1,-18503519,27722542,3
ISIN,ID995665,30560794.27,28168125.79,AFS,2,9,1,0.6099,2033-10-14,1,1,34470313,22770499,2
SEDOL,ID493841,17626207.86,15131004.85,EQ,1,11,2,0.2863,2029-04-03,4,2,-35887091,24911271,3
INTERNAL,ID644059,40905102.96,23485722.98,AFS,2,2,1,0.5809,2032-05-07,5,1,-6118367,-32898659,3
CUSIP,ID464951,38676389.19,2816476.3,HTM,2,10,2,0.9379,2027-07-08,2,2,29343821,8075362,3
ISIN,ID936622,44693489.26,30303935.7,EQ,1,1,1,0.6741,2028-01-24,3,2,-48403691,-9366733,3
SEDOL,ID476479,35139188.32,15565163.43,AFS,1,9,4,0.4715,2026-11-02,2,2,865137,21062652,2
CUSIP,ID190017,30438938.23,49821070.6,EQ,1,6,4,0.2763,2025-12-21,3,2,41680624,39163226,2
ISIN,ID350470,32738128.76,49566903.18,HTM,2,5,1,0.8041,2030-12-02,6,2,28351063,-18857323,1
SEDOL,ID904136,29013675.77,18407001.8,HTM,1,4,2,0.2339,2034-06-15,1,1,-37790906,47741537,1
CUSIP,ID323182,35386292.51,41270089.43,AFS,2,6,2,0.9305,2031-10-13,4,1,-16868071,45205925,1
SEDOL,ID304552,12839173.71,14927720.92,AFS,2,7,1,0.7109,2029-06-21,3,1,-12004019,-26037528,1
INTERNAL,ID898428,2170249.56,6996539.62,HTM,2,10,2,0.1321,2031-07-31,1,2,-44583560,-8856569,1
INTERNAL,ID499430,32671760.54,20138327.39,EQ,1,6,1,0.0446,2030-08-30,4,1,25259652,20102425,1
INTERNAL,ID296046,7029487.05,39614720.1,EQ,2,2,4,0.5492,2032-05-29,2,1,-14165338,-43303079,2
SEDOL,ID678975,8896239.98,12860523.18,EQ,2,1,2,0.3521,2025-08-30,4,2,48600514,-1079422,3
ISIN,ID741725,12489493.24,34712031.04,AFS,1,1,5,0.1462,2027-03-03,4,1,-8098040,-38028633,1
INTERNAL,ID150515,14265072.59,34174006.69,EQ,2,6,2,0.8801,2026-06-01,6,2,15987535,11647215,2
CUSIP,ID934084,9370992.95,7460461.08,HTM,2,8,1,0.0073,2034-03-16,1,1,-30133543,-22095120,1
CUSIP,ID935673,21404024.64,24732911.99,AFS,1,7,4,0.1394,2029-01-28,2,2,42685411,-42334612,3
SEDOL,ID746731,31797441.72,40011644.96,EQ,2,4,5,0.3979,2031-07-13,4,1,36262468,-8549,2
SEDOL,ID563692,42343754.88,3018964.26,HTM,1,11,3,0.723,2034-08-04,4,2,2895320,2487812,2
ISIN,ID757756,10332455.82,21366993.71,HTM,1,7,3,0.9165,2033-08-19,5,1,-3385670,-47836465,1
INTERNAL,ID289558,4234617.27,1577066.73,EQ,2,11,1,0.153,2034-08-27,5,2,-1728466,-6501039,2
SEDOL,ID437249,42687236.76,31745494.95,HTM,1,7,2,0.8588,2026-04-04,5,1,-41007619,-2164872,1
ISIN,ID199704,9996326.77,18583856.01,AFS,1,9,1,0.6328,2031-10-14,6,1,27521559,-15075263,1
SEDOL,ID691920,25266462.71,41839086.05,HTM,1,10,5,0.768,2031-10-30,5,1,49407891,38918442,2
ISIN,ID828251,1919481.73,3580624.07,AFS,2,3,3,0.2851,2025-09-07,6,1,1240153,12596023,1
INTERNAL,ID893032,2532573.72,46996195.9,AFS,2,5,3,0.544,2032-02-03,2,2,-33807547,20859523,1
INTERNAL,ID576802,23839294.88,8688709.18,EQ,1,3,3,0.3437,2029-10-13,6,1,38878763,-5724889,3
ISIN,ID626775,44866663.55,42704772.64,HTM,2,11,5,0.9811,2032-04-14,4,2,31681714,-23897015,2
SEDOL,ID402423,7565372.48,5340446.9,HTM,2,2,3,0.8418,2027-09-02,4,1,-5292362,9368160,1
SEDOL,ID331871,11715729.64,22687769.95,HTM,1,6,5,0.314,2028-07-25,2,2,23754621,3006601,3
ISIN,ID453072,29336393.48,4381324.09,EQ,1,6,5,0.1238,2033-08-04,5,2,8431845,36631903,1
CUSIP,ID646900,14553141.27,15286392.2,AFS,2,7,3,0.502,2030-02-18,1,2,19281607,-16815620,1
ISIN,ID132415,27062978.2,25814007.89,EQ,1,2,4,0.1413,2028-03-23,2,1,31986706,-43669662,1
INTERNAL,ID944759,38141258.82,28219362.86,EQ,2,11,4,0.1415,2027-08-07,1,2,-28864272,5353809,2
INTERNAL,ID452867,19521891.11,40803438.35,EQ,1,5,2,0.8648,2033-09-10,1,1,2634941,-30310533,2
INTERNAL,ID950080,38437265.25,33390676.79,AFS,2,11,2,0.3385,2033-05-04,3,1,44796741,15655622,3
SEDOL,ID685723,6356688.03,30277756.36,EQ,1,1,3,0.5304,2033-10-31,6,1,10807888,47885762,2
CUSIP,ID722913,30120485.14,39921510.73,EQ,2,2,1,0.4452,2026-06-07,5,1,47392959,29941104,3
INTERNAL,ID225341,18015477.34,1615751.82,AFS,2,5,5,0.9403,2031-10-28,4,1,-36192781,42281371,3
CUSIP,ID228982,18955627.0,5518911.82,EQ,2,10,1,0.8106,2032-03-15,2,2,37135133,-4003229,2
SEDOL,ID260090,21996089.72,15570972.97,AFS,2,7,4,0.6731,2029-01-27,5,2,-34763445,18008537,1
CUSIP,ID404864,35065165.23,10720672.3,HTM,1,11,4,0.1706,2029-11-13,2,2,15090636,-45817720,1
INTERNAL,ID433671,8411853.47,35213297.23,EQ,1,2,2,0.5729,2034-10-16,1,1,-12999016,22731357,1
INTERNAL,ID530735,47855480.54,22534021.02,HTM,2,6,1,0.896,2031-11-03,3,1,24060480,-40947816,1
SEDOL,ID968971,22637312.07,47836522.03,HTM,2,7,5,0.4424,2034-08-14,5,1,48512320,-12865234,3
ISIN,ID995986,27413458.35,1627737.91,EQ,1,4,1,0.1212,2031-03-14,4,2,-36861739,-33535944,3
SEDOL,ID488069,6934771.07,24689119.26,HTM,1,8,2,0.5606,2027-09-19,4,1,-39084464,18570499,3
CUSIP,ID187265,32741690.38,6999783.45,HTM,2,3,3,0.0041,2029-11-17,4,1,47040417,22251054,3
SEDOL,ID473624,2793008.27,48433863.06,AFS,1,9,4,0.0062,2031-12-20,3,1,-43994305,-22305255,3
INTERNAL,ID504483,24154726.46,7112027.6,EQ,1,6,5,0.5791,2034-04-17,2,1,17837491,934809,2
ISIN,ID439781,33209651.63,7459275.07,EQ,2,3,5,0.8367,2031-04-01,2,2,-35352269,-13101264,1
SEDOL,ID519021,8443676.63,28441831.33,EQ,1,1,5,0.5387,2028-07-21,1,2,-29467575,-7350249,1
CUSIP,ID971969,48201935.21,18230831.24,AFS,1,7,1,0.5951,2029-09-24,3,2,28625305,31161829,2
CUSIP,ID516266,23215959.33,26309400.9,HTM,1,3,5,0.96,2034-07-09,6,1,-12168592,-22950843,2
ISIN,ID185411,41355927.63,44919376.64,AFS,2,3,1,0.5921,2031-09-20,2,1,26400039,-32836925,3
ISIN,ID566156,49692938.01,22365770.07,EQ,1,2,2,0.1065,2026-05-22,1,1,-44674845,2784932,1
SEDOL,ID932034,25645895.57,21410021.14,AFS,1,11,2,0.1317,2031-07-16,6,1,21215082,17052463,2
CUSIP,ID483624,14616243.85,22062051.66,EQ,1,3,5,0.5038,2027-07-31,4,2,27234288,3198604,2
ISIN,ID554720,16611195.54,26020699.33,HTM,1,9,2,0.1422,2028-12-10,3,1,34135000,44638470,1
INTERNAL,ID461727,28928890.54,16424727.64,EQ,2,2,2,0.3147,2028-11-24,5,1,-10035367,-17669875,2
ISIN,ID855220,37115666.32,39919130.67,AFS,1,4,5,0.8158,2028-02-07,2,2,49231527,25975416,1
ISIN,ID938440,13954448.42,39997273.67,HTM,2,8,3,0.9185,2030-03-09,3,2,-30792601,-18320583,3
INTERNAL,ID159609,39096899.63,16419746.13,HTM,1,6,5,0.2515,2030-03-10,1,2,964628,30281872,3
ISIN,ID745494,20315513.07,27509723.45,EQ,2,1,4,0.4448,2026-09-18,2,1,19207491,-22335837,3
INTERNAL,ID751244,15856725.03,31682787.26,HTM,1,4,2,0.4448,2032-03-22,1,2,34704785,-27233871,2
ISIN,ID158812,43639794.21,18027882.63,AFS,2,6,2,0.9278,2026-08-06,3,2,-20967996,25648997,1
CUSIP,ID911590,20909726.24,11178248.45,AFS,2,8,4,0.1725,2025-04-28,5,1,-16618667,-5403226,3
INTERNAL,ID583659,49432564.1,46974418.92,HTM,2,5,1,0.6494,2027-12-19,6,1,9784379,20025262,1
CUSIP,ID367451,28500488.58,6725595.29,AFS,2,1,2,0.1022,2032-03-15,5,2,27241254,37813804,1
ISIN,ID300915,4232059.33,34495218.1,AFS,2,7,1,0.4287,2028-09-10,4,1,-30649852,-1877968,1
ISIN,ID937550,19454757.93,7410463.02,AFS,1,6,4,0.5894,2027-02-08,2,2,26662608,-19852595,2
INTERNAL,ID549936,38648365.07,15789048.6,EQ,1,6,1,0.3077,2027-12-21,1,1,27963206,-31560482,3
ISIN,ID188354,23497921.52,32090066.86,AFS,2,8,1,0.504,2031-05-17,4,1,30734732,-9053643,1
CUSIP,ID987377,37640856.66,1218896.87,AFS,1,10,1,0.2047,2025-05-07,4,2,-14022761,-18437661,1
SEDOL,ID536173,36075351.35,19482152.07,HTM,1,10,3,0.8487,2032-10-14,6,2,-43478740,-42903083,2
CUSIP,ID324174,14976101.65,12406255.27,EQ,2,7,2,0.3075,2026-12-07,1,1,27435894,29048619,1
CUSIP,ID249495,16422727.05,42824945.33,EQ,1,9,1,0.6902,2030-12-22,6,1,-32329581,6131017,1
ISIN,ID441229,15675323.09,20191024.35,AFS,2,2,3,0.2099,2033-10-22,5,2,15974941,59402,2
CUSIP,ID320204,16461069.57,19581555.68,AFS,1,11,3,0.643,2029-11-04,1,2,23512835,-34623353,1
SEDOL,ID441350,4041279.18,47561122.5,AFS,2,9,5,0.7559,2028-05-15,5,2,31007858,-39476848,2
INTERNAL,ID461145,24348729.61,37181435.03,AFS,1,9,2,0.9865,2029-03-22,2,1,46205367,42142656,1
CUSIP,ID991689,6613345.87,29511545.99,EQ,2,2,5,0.299,2034-03-19,6,2,41128575,-20979133,1
CUSIP,ID800970,14433747.12,10825684.01,EQ,2,2,1,0.8018,2031-05-11,2,1,12687944,-39712965,3
INTERNAL,ID363204,8695790.67,49835919.62,AFS,2,6,3,0.6347,2033-12-03,5,2,9561412,-748151,3
CUSIP,ID330673,22763224.9,22811011.56,AFS,2,7,4,0.6596,2031-02-03,6,2,33109560,26185715,3
CUSIP,ID469643,41448963.18,37406939.6,HTM,1,10,3,0.7395,2033-04-29,6,2,36434146,-10157162,1
CUSIP,ID484271,49005599.44,22011554.76,AFS,1,11,5,0.1304,2031-04-16,1,1,21433329,16543312,2
ISIN,ID315906,1399760.9,5071487.22,EQ,1,11,4,0.8459,2034-03-13,3,1,44389229,15304811,2
SEDOL,ID761328,17659150.93,11724576.48,AFS,1,10,5,0.0318,2027-02-14,5,2,17412589,32594606,2
ISIN,ID369558,38188052.78,3345789.41,AFS,1,4,4,0.9586,2033-05-27,3,1,27158558,-42465359,1
CUSIP,ID481988,8052230.47,42440840.47,AFS,2,5,3,0.2937,2029-04-23,1,2,26071689,-12547254,3
INTERNAL,ID166397,33952570.7,39707836.07,EQ,2,6,5,0.288,2025-05-18,3,1,-37814452,27490418,2
ISIN,ID727976,45233435.77,40936765.21,EQ,2,4,3,0.5159,2027-05-22,2,1,33179027,17367246,3
INTERNAL,ID575234,41964549.34,44318981.7,AFS,1,2,2,0.1799,2032-06-19,2,2,38579399,-18783910,3
ISIN,ID598221,27540915.77,13176199.68,EQ,2,7,3,0.9595,2029-10-07,1,2,34475229,-42564607,3
INTERNAL,ID773807,37846888.75,41330039.19,EQ,1,10,2,0.1737,2030-09-16,3,2,-30745914,-2715954,2
ISIN,ID619711,38333191.2,34397024.14,AFS,2,2,4,0.1314,2034-04-19,2,1,-1986265,19371345,1
ISIN,ID552844,48660379.59,17715439.25,EQ,2,8,5,0.7597,2028-11-16,2,1,11864049,-43703291,1
SEDOL,ID844340,1103548.38,11410873.76,EQ,1,1,4,0.6132,2031-06-22,5,2,-27380200,10205850,3
INTERNAL,ID923559,26950868.25,45677924.2,HTM,1,6,3,0.3497,2032-03-11,1,1,8279564,-42028353,3
SEDOL,ID809902,26365239.5,1480858.54,AFS,2,4,2,0.1161,2026-12-23,1,1,-41271290,18388816,1
INTERNAL,ID216872,6155202.93,29655945.74,EQ,2,8,1,0.1102,2030-01-09,2,1,40071719,-1768885,2
SEDOL,ID962620,29331014.19,23736669.53,HTM,2,4,4,0.2196,2032-01-23,3,2,-17429784,14362326,2
SEDOL,ID239339,17027366.74,48727924.02,EQ,2,2,2,0.4399,2025-11-21,1,2,4231972,-38713420,2
CUSIP,ID560412,32010244.92,35083713.2,AFS,1,8,2,0.7284,2027-12-20,5,1,14591576,23887001,1
INTERNAL,ID960761,4044878.76,11856733.19,HTM,2,5,1,0.4766,2027-06-18,4,2,6279132,1588824,3
SEDOL,ID551960,39947031.78,3652885.78,HTM,2,9,4,0.7974,2026-11-19,3,2,-5423185,43732256,3
ISIN,ID589191,27483867.4,20972685.58,HTM,1,3,5,0.581,2031-10-01,4,1,-27805008,27181654,3
INTERNAL,ID106147,35315506.65,26199889.7,EQ,2,8,1,0.5275,2033-01-22,2,1,45613891,-28760764,3
SEDOL,ID169858,11021961.12,32553618.13,EQ,2,11,4,0.2507,2029-06-13,5,2,21919124,29872153,3
INTERNAL,ID593976,30355052.58,13622892.36,HTM,1,6,1,0.8092,2027-06-20,5,2,-30187987,43932108,2
SEDOL,ID336432,8236670.04,45677898.78,AFS,1,7,5,0.3144,2025-12-13,5,2,-6024433,47757955,1
ISIN,ID718312,48519349.76,32433537.13,HTM,1,8,4,0.4051,2035-02-23,1,2,32651088,22613193,3
INTERNAL,ID474383,42824714.38,16517225.42,HTM,2,5,1,0.5822,2030-08-13,1,2,2513241,-42971836,2
SEDOL,ID508436,44995283.01,26539342.92,HTM,2,9,4,0.7997,2028-08-25,5,2,-16600278,45387212,2
SEDOL,ID776201,47731628.7,41886076.04,AFS,2,8,1,0.3455,2028-03-04,2,1,4135086,-21832520,1
CUSIP,ID602643,6240703.82,15762122.06,EQ,2,4,3,0.6935,2029-07-18,3,2,48873349,-25982711,1
CUSIP,ID648163,10780486.76,38096972.68,EQ,2,2,1,0.5546,2032-04-01,1,1,17830402,-35666057,1
INTERNAL,ID322793,25451950.67,36360514.37,EQ,2,8,2,0.3315,2029-10-12,3,2,-37482757,-7339317,2
ISIN,ID220894,13780507.96,1912270.31,HTM,2,3,5,0.2554,2027-12-23,5,1,-21580353,29230748,3
CUSIP,ID192041,2121062.89,31663501.09,HTM,1,11,1,0.9513,2027-04-06,6,1,-14994600,-30297953,2
SEDOL,ID769819,14029763.91,11729121.36,EQ,2,4,5,0.6858,2028-02-06,4,2,-28240194,4344452,3
SEDOL,ID792755,24463428.22,13291732.82,HTM,2,6,2,0.1114,2030-07-14,5,1,-22193251,-41677154,2
CUSIP,ID699040,39126194.29,48929381.32,EQ,2,3,4,0.9939,2029-07-12,5,2,-30646221,-5032424,2
CUSIP,ID635941,28529029.0,42279968.26,AFS,1,2,3,0.4864,2031-02-21,3,2,-19119375,-20638718,2
CUSIP,ID980485,16227314.8,35870247.43,AFS,1,2,2,0.0766,2026-09-12,5,2,48146834,-24687241,2
CUSIP,ID931282,11867860.29,5738136.4,HTM,1,11,3,0.9695,2026-01-19,4,1,27827150,40109248,3
